Name,Ticker,Coupon,Maturity,Maturity Type,Country/Region,Currency,Identifier,Bloomberg Composite Rating,Ask Price,Source
India Government Bond,IGB,6.94,11-05-2036,AT MATURITY,IN,INR,DK1929472,NR,100.73,NDSI
India Government Bond,IGB,6.36,16-02-2031,AT MATURITY,IN,INR,YI9214911,NR,99.66,NDSI
India Government Bond,IGB,6.68,07-07-2040,AT MATURITY,IN,INR,YN8871314,NR,97,NDSI
India Government Bond,IGB,7.24,18-08-2055,AT MATURITY,IN,INR,YL1902912,NR,97.35,NDSI
India Government Bond,IGB,6.48,06-10-2035,AT MATURITY,IN,INR,YK5530604,NR,97.7,NDSI
India Government Bond,IGB,7.04,03-06-2029,AT MATURITY,IN,INR,YX3882629,NR,101.95,NDSI
India Government Bond,IGB,7.18,24-07-2037,AT MATURITY,IN,INR,ZJ8780851,NR,102.66,NDSI
India Government Bond,IGB,6.03,27-01-2029,AT MATURITY,IN,INR,YI1775547,NR,99.67,NDSI
India Government Bond,IGB,6.9,15-04-2065,AT MATURITY,IN,INR,YP2458634,NR,91.45,NDSI
India Government Bond,IGB,7.38,20-06-2027,AT MATURITY,IN,INR,BX1740881,NR,101.38,NDSI
India Government Bond,IGB,6.33,05-05-2035,AT MATURITY,IN,INR,YO0526393,NR,97.19,NDSI
India Government Bond,IGB,7.06,27-07-2041,AT MATURITY,IN,INR,DN4670606,#N/A N/A,100.36,NDSI
India Government Bond,IGB,6.79,07-10-2034,AT MATURITY,IN,INR,YU1897757,NR,100.08,NDSI
India Government Bond,IGB,7.43,19-01-2076,AT MATURITY,IN,INR,DC9773292,NR,98.05,NDSI
India Government Bond,IGB,7.17,17-04-2030,AT MATURITY,IN,INR,ZK1408242,NR,102.49,NDSI
India Government Bond,IGB,7.26,14-01-2029,AT MATURITY,IN,INR,AW5669295,#N/A N/A,102.4,NDSI
India Government Bond,IGB,6.01,21-07-2030,AT MATURITY,IN,INR,YM3616567,NR,98.7975,NDSI
India Government Bond,IGB,5.74,15-11-2026,AT MATURITY,IN,INR,BS3776975,NR,100.1,NDSI
India Government Bond,IGB,7.18,14-08-2033,AT MATURITY,IN,INR,ZI2598574,NR,102.75,NDSI
India Government Bond,IGB,7.09,05-08-2054,AT MATURITY,IN,INR,YW7593752,NR,95.6775,NDSI
India Government Bond,IGB,6.68,27-01-2033,AT MATURITY,IN,INR,YI1775539,NR,100.25,NDSI
India Government Bond,IGB,7.17,08-01-2028,AT MATURITY,IN,INR,AQ5842770,#N/A N/A,101.725,NDSI
India Government Bond,IGB,7.36,12-09-2052,AT MATURITY,IN,INR,BY8961033,NR,99.15,NDSI
India Government Bond,IGB,7.3,19-06-2053,AT MATURITY,IN,INR,ZK9672989,NR,98.14,NDSI
India Government Bond,IGB,7.26,06-02-2033,AT MATURITY,IN,INR,ZM7643111,NR,103.6,NDSI
India Government Bond,IGB,7.71,18-05-2066,AT MATURITY,IN,INR,DK6328332,NR,102.2,NDSI
India Government Bond,IGB,7.37,23-10-2028,AT MATURITY,IN,INR,ZH5750455,NR,102.65,NDSI
India Government Bond,IGB,7.41,19-12-2036,AT MATURITY,IN,INR,ZN8999213,NR,104.15,NDSI
India Government Bond,IGB,7.02,18-06-2031,AT MATURITY,IN,INR,YX6685250,NR,102.5,NDSI
India Government Bond,IGB,6.54,17-01-2032,AT MATURITY,IN,INR,BT4506932,NR,100.2,NDSI
India Government Bond,IGB,6.75,22-09-2033,AT MATURITY,IN,INR,BK0919765,NR,103.9275,NDSI
India Government Bond,IGB,7.1,08-04-2034,AT MATURITY,IN,INR,ZB1743689,NR,102.1,NDSI
India Government Bond,IGB,7.06,10-04-2028,AT MATURITY,IN,INR,ZK0724581,NR,101.69,NDSI
India Government Bond,IGB,7.54,23-05-2036,AT MATURITY,IN,INR,BW5990245,NR,#N/A N/A,NDSI
India Government Bond,IGB,6.75,23-12-2029,AT MATURITY,IN,INR,YS0770992,NR,101.25,NDSI
India Government Bond,IGB,6.67,17-12-2050,AT MATURITY,IN,INR,BM1186626,NR,92,NDSI
India Government Bond,IGB,6.99,15-12-2051,AT MATURITY,IN,INR,BS3777023,NR,94.88,NDSI
India Government Bond,IGB,7.25,12-06-2063,AT MATURITY,IN,INR,ZK9005677,NR,95.9,NDSI
India Government Bond,IGB,7.26,22-08-2032,AT MATURITY,IN,INR,BY4725150,NR,#N/A N/A,NDSI
India Government Bond,IGB,6.79,30-12-2031,AT MATURITY,IN,INR,YS2551838,NR,101.6,NDSI
India Government Bond,IGB,7.34,22-04-2064,AT MATURITY,IN,INR,ZB4861140,NR,97,NDSI
India Government Bond,IGB,7.33,30-10-2026,AT MATURITY,IN,INR,ZH6885854,NR,100.4625,NDSI
India Government Bond,IGB,7.72,15-06-2049,AT MATURITY,IN,INR,ZS1063719,#N/A N/A,#N/A N/A,NDSI
India Government Bond,IGB,6.68,17-09-2031,AT MATURITY,IN,INR,AO9211753,NR,100.79,NDSI
India Government Bond,IGB,6.79,15-05-2027,AT MATURITY,IN,INR,AN5281539,NR,100.9,NDSI
India Government Bond,IGB,7.23,15-04-2039,AT MATURITY,IN,INR,ZB3092457,NR,#N/A N/A,NDSI
India Government Bond,IGB,7.06,10-10-2046,AT MATURITY,IN,INR,QZ7671121,#N/A N/A,98,NDSI
India Government Bond,IGB,6.64,07-12-2031,AT MATURITY,IN,INR,AS4403372,#N/A N/A,102.71,NDSI
India Government Bond,IGB,7.4,19-09-2062,AT MATURITY,IN,INR,BZ0239104,NR,97.95,NDSI
India Government Bond,IGB,6.79,26-12-2029,AT MATURITY,IN,INR,AL8613047,NR,#N/A N/A,NDSI
India Government Bond,IGB,7.46,06-11-2073,AT MATURITY,IN,INR,ZH8414679,NR,99,NDSI
India Government Bond,IGB,6.17,04-10-2028,AT MATURITY,IN,INR,BR6656119,NR,100.7675,NDSI
India Government Bond,IGB,8.17,01-12-2044,AT MATURITY,IN,INR,EK6235742,NR,109.15,NDSI
India Government Bond,IGB,7.1,18-04-2029,AT MATURITY,IN,INR,BV8654691,NR,#N/A N/A,NDSI
India Government Bond,IGB,5.79,11-05-2030,AT MATURITY,IN,INR,BJ2946074,NR,97.98,NDSI
India Government Bond,IGB,6.67,15-12-2035,AT MATURITY,IN,INR,BR3160164,NR,98.95,NDSI
India Government Bond,IGB,7.09,25-11-2074,AT MATURITY,IN,INR,YT3552270,NR,94,NDSI
India Government Bond,IGB,7.32,13-11-2030,AT MATURITY,IN,INR,ZH9979647,NR,103.36,NDSI
India Government Bond,IGB,8.13,22-06-2045,AT MATURITY,IN,INR,EK9788051,NR,#N/A N/A,NDSI
India Government Bond,IGB,7.37,23-01-2054,AT MATURITY,IN,INR,ZF3604773,NR,99.434,BVAL
India Government Bond,IGB,6.28,14-07-2032,AT MATURITY,IN,INR,YM0959796,NR,99.15,NDSI
India Government Bond,IGB,7.57,17-06-2033,AT MATURITY,IN,INR,ZS6390430,#N/A N/A,104.8725,NDSI
India Government Bond,IGB,7.16,20-09-2050,AT MATURITY,IN,INR,BH8290695,NR,97.5,NDSI
India Government Bond,IGB,8.24,15-02-2027,AT MATURITY,IN,INR,EG2045466,NR,101.4,NDSI
India Government Bond,IGB,6.45,07-10-2029,AT MATURITY,IN,INR,ZR8860481,NR,100.3,NDSI
India Government Bond,IGB,6.19,16-09-2034,AT MATURITY,IN,INR,BJ6920802,NR,96.48,NDSI
India Government Bond,IGB,6.76,22-02-2061,AT MATURITY,IN,INR,BO0818662,NR,90.5,NDSI
India Government Bond,IGB,7.5,10-08-2034,AT MATURITY,IN,INR,ED5686370,NR,104.4,NDSI
India Government Bond,IGB,6.79,02-12-2034,AT MATURITY,IN,INR,YT5275847,NR,100.9,NDSI
India Government Bond,IGB,6.98,16-12-2054,AT MATURITY,IN,INR,YT8931255,NR,96.18,NDSI
India Government Bond,IGB,5.77,03-08-2030,AT MATURITY,IN,INR,BK6864213,NR,97.8,NDSI
India Government Bond,IGB,8.28,15-02-2032,AT MATURITY,IN,INR,EG2045540,NR,#N/A N/A,NDSI
India Government Bond,IGB,7.88,19-03-2030,AT MATURITY,IN,INR,EK8943046,#N/A N/A,105,NDSI
India Government Bond,IGB,7.29,27-01-2033,AT MATURITY,IN,INR,ZM5695535,NR,102.59,NDSI
India Government Bond,IGB,7.02,27-05-2027,AT MATURITY,IN,INR,YX2229517,NR,100.985,NDSI
India Government Bond,IGB,6.95,16-12-2061,AT MATURITY,IN,INR,BS4738958,NR,92.445,NDSI
India Government Bond,IGB,7.5,27-04-2056,AT MATURITY,IN,INR,DJ0693791,NR,#N/A N/A,NDSI
India Government Bond,IGB,6.94,11-05-2036,AT MATURITY,IN,INR,DN7336510,#N/A N/A,#N/A N/A,BGN
India Government Bond Coupon Strips,IGBCS,0,19-01-2030,AT MATURITY,IN,INR,DN7358894,#N/A N/A,80.694,BVAL
India Government Bond,IGB,7.95,28-08-2032,AT MATURITY,IN,INR,EC6654494,NR,106.85,NDSI
India Government Bond,IGB,7.4,09-09-2035,AT MATURITY,IN,INR,EF0877797,NR,103.82,NDSI
India Government Bond,IGB,8.6,02-06-2028,AT MATURITY,IN,INR,EK2984897,NR,104.44,NDSI
India Government Bond,IGB,6.92,18-11-2039,AT MATURITY,IN,INR,YT1622844,NR,99.8,NDSI
India Government Bond,IGB,6.62,28-11-2051,AT MATURITY,IN,INR,AL3742155,#N/A N/A,93.75,NDSI
India Government Bond Coupon Strips,IGBCS,0,12-06-2031,AT MATURITY,IN,INR,BN3647383,#N/A N/A,71.6799,NDSI
India Government Bond,IGB,8.83,12-12-2041,AT MATURITY,IN,INR,EI8993285,NR,116.4,NDSI
India Government Bond,IGB,7.59,20-03-2029,AT MATURITY,IN,INR,QJ1691121,#N/A N/A,103.5,NDSI
India Government Bond Coupon Strips,IGBCS,0,22-10-2031,AT MATURITY,IN,INR,YW0129778,#N/A N/A,71.656,BVAL
India Government Bond Coupon Strips,IGBCS,0,19-07-2030,AT MATURITY,IN,INR,DN7358886,#N/A N/A,78.074,BVAL
India Government Bond Coupon Strips,IGBCS,0,19-01-2032,AT MATURITY,IN,INR,DN7358910,#N/A N/A,70.465,BVAL
India Government Bond Coupon Strips,IGBCS,0,19-07-2032,AT MATURITY,IN,INR,DN7358951,#N/A N/A,68.092,BVAL
India Government Bond,IGB,8.15,24-11-2026,AT MATURITY,IN,INR,EK6083969,NR,#N/A N/A,NDSI
India Government Bond Coupon Strips,IGBCS,0,25-11-2029,AT MATURITY,IN,INR,YT6425573,#N/A N/A,81.508,BVAL
India Government Bond,IGB,6.1,12-07-2031,AT MATURITY,IN,INR,BQ4051935,NR,98.71,NDSI
India Government Bond Coupon Strips,IGBCS,0,06-11-2031,AT MATURITY,IN,INR,AX0311982,#N/A N/A,71.454,BVAL
India Government Bond,IGB,7.62,15-09-2039,AT MATURITY,IN,INR,AX9926384,#N/A N/A,105.55,NDSI
India Government Bond Coupon Strips,IGBCS,0,22-02-2030,AT MATURITY,IN,INR,BQ2982297,#N/A N/A,80.195,BVAL
India Government Bond,IGB,6.01,25-03-2028,AT MATURITY,IN,INR,ED0906476,NR,#N/A N/A,NDSI
India Government Bond Coupon Strips,IGBCS,0,25-05-2031,AT MATURITY,IN,INR,YT6425839,#N/A N/A,73.699,BVAL
India Government Bond,IGB,8.3,31-12-2042,AT MATURITY,IN,INR,EJ4950378,#N/A N/A,112.05,NDSI
India Government Bond,IGB,8.97,05-12-2030,AT MATURITY,IN,INR,EI8925816,NR,109.45,NDSI
India Government Bond,IGB,7.1,27-01-2028,AT MATURITY,IN,INR,ZM5695337,NR,101.503,BVAL
India Government Bond,IGB,6.22,16-03-2035,AT MATURITY,IN,INR,BM1186600,NR,#N/A N/A,NDSI
India Government Bond Coupon Strips,IGBCS,0,22-08-2026,AT MATURITY,IN,INR,BQ2980515,#N/A N/A,99.6578,NDSI
India Government Bond,IGB,6.45,30-10-2034,AT MATURITY,IN,INR,BR1503282,NR,102.8,NDSI
India Government Bond Coupon Strips,IGBCS,0,18-11-2031,AT MATURITY,IN,INR,DM1009685,#N/A N/A,71.293,BVAL
India Government Bond,IGB,10.18,11-09-2026,AT MATURITY,IN,INR,EC4476171,NR,100.419,BVAL
India Government Bond,IGB,8.33,07-06-2036,AT MATURITY,IN,INR,EF4755080,NR,110.901,BVAL
India Government Bond,IGB,8.28,21-09-2027,AT MATURITY,IN,INR,EG8695165,NR,102.8,NDSI
India Government Bond,IGB,7.61,09-05-2030,AT MATURITY,IN,INR,JK9847746,#N/A N/A,#N/A N/A,NDSI
India Government Bond,IGB,7.72,26-10-2055,AT MATURITY,IN,INR,QJ2217983,#N/A N/A,102.58,NDSI
India Government Bond Coupon Strips,IGBCS,0,25-05-2029,AT MATURITY,IN,INR,YT6425490,#N/A N/A,84.245,BVAL
India Government Bond Coupon Strips,IGBCS,0,22-04-2031,AT MATURITY,IN,INR,YW0129711,#N/A N/A,74.153,BVAL
India Government Bond,IGB,7.69,17-06-2043,AT MATURITY,IN,INR,ZS2775071,#N/A N/A,#N/A N/A,NDSI
India Government Bond Coupon Strips,IGBCS,0,12-12-2028,AT MATURITY,IN,INR,BQ5895538,#N/A N/A,86.69,BVAL
India Government Bond Coupon Strips,IGBCS,0,19-01-2031,AT MATURITY,IN,INR,DN7358902,#N/A N/A,75.448,BVAL
India Special Government Bond,INDSPB,8.23,12-02-2027,AT MATURITY,IN,INR,EG1953090,NR,#N/A N/A,BGN
India Government Bond,IGB,8.26,02-08-2027,AT MATURITY,IN,INR,EG7052863,NR,102.5,NDSI
India Government Bond,IGB,6.97,06-09-2026,AT MATURITY,IN,INR,QZ3755704,#N/A N/A,100.14,NDSI
India Government Bond,IGB,5.91,30-06-2028,AT MATURITY,IN,INR,YN6552445,NR,99.816,BVAL
India Government Bond Coupon Strips,IGBCS,0,25-11-2036,AT MATURITY,IN,INR,YT6426845,#N/A N/A,49.888,BVAL
India Government Bond Coupon Strips,IGBCS,0,22-04-2027,AT MATURITY,IN,INR,YX5583126,#N/A N/A,95.926,BVAL
India Government Bond,IGB,7.24,11-12-2033,AT MATURITY,IN,INR,ZG5421653,NR,102.558,BVAL
India Government Bond,IGB,7.25,13-11-2028,AT MATURITY,IN,INR,ZH9979688,NR,102.317,BVAL
India Government Bond,IGB,7.63,17-06-2059,AT MATURITY,IN,INR,ZS4091808,#N/A N/A,100.8325,NDSI
India Government Bond,IGB,6.64,16-06-2035,AT MATURITY,IN,INR,BO9418845,NR,98.9,NDSI
India Government Bond,IGB,6.8,15-12-2060,AT MATURITY,IN,INR,ZO1525534,NR,#N/A N/A,NDSI
India Government Bond,IGB,6.64,09-12-2027,AT MATURITY,IN,INR,YT7077811,NR,101.02,NDSI
India Government Bond,IGB,6.57,05-12-2033,AT MATURITY,IN,INR,AL4698125,#N/A N/A,99.3,NDSI
India Government Bond,IGB,7.19,15-09-2060,AT MATURITY,IN,INR,BH6207519,NR,#N/A N/A,NDSI
India Government Bond Coupon Strips,IGBCS,0,12-06-2030,AT MATURITY,IN,INR,BQ0629379,#N/A N/A,78.602,BVAL
India Government Bond Coupon Strips,IGBCS,0,19-07-2031,AT MATURITY,IN,INR,DN7358928,#N/A N/A,72.949,BVAL
India Government Bond,IGB,6.13,04-06-2028,AT MATURITY,IN,INR,EC9972224,NR,100.22,NDSI
India Government Bond,IGB,6.83,19-01-2039,AT MATURITY,IN,INR,EH6884041,NR,99.5,NDSI
India Government Bond,IGB,9.23,23-12-2043,AT MATURITY,IN,INR,EJ9922661,NR,120.167,BVAL
India Government Bond Coupon Strips,IGBCS,0,25-05-2030,AT MATURITY,IN,INR,YT6425680,#N/A N/A,78.861,BVAL
India Government Bond,IGB,6.9,05-08-2034,AT MATURITY,IN,INR,YW7593760,NR,101,NDSI
India Government Bond,IGB,5.85,01-12-2030,AT MATURITY,IN,INR,BM7243603,NR,97.97,NDSI
India Government Bond,IGB,7.73,19-12-2034,AT MATURITY,IN,INR,QJ1097055,#N/A N/A,106.3,NDSI
India Government Bond Coupon Strips,IGBCS,0,25-11-2031,AT MATURITY,IN,INR,YT6426142,#N/A N/A,71.199,BVAL
India Government Bond Coupon Strips,IGBCS,0,15-04-2028,AT MATURITY,IN,INR,YV0294368,#N/A N/A,90.358,BVAL
India Government Bond Coupon Strips,IGBCS,0,05-08-2026,AT MATURITY,IN,INR,YV5765818,#N/A N/A,99.9105,NDSI
India Government Bond Coupon Strips,IGBCS,0,22-04-2029,AT MATURITY,IN,INR,YX9227142,#N/A N/A,84.731,BVAL
India Government Bond Coupon Strips,IGBCS,0,19-09-2031,AT MATURITY,IN,INR,ZN1293317,#N/A N/A,72.103,BVAL
India Government Bond Coupon Strips,IGBCS,0,19-03-2049,AT MATURITY,IN,INR,ZN1294505,#N/A N/A,18.389,BVAL
India Government Bond,IGB,8.3,02-07-2040,AT MATURITY,IN,INR,EI3092497,NR,111.4,NDSI
Reserve Bank of India Sovereign Gold Bond,SGBIN,2.5,21-02-2032,AT MATURITY,IN,INR,ZD2331589,NR,14577.79,EXCH
India Government Bond Coupon Strips,IGBCS,0,15-06-2030,AT MATURITY,IN,INR,BM1801190,#N/A N/A,78.559,BVAL
India Government Bond Coupon Strips,IGBCS,0,15-06-2027,AT MATURITY,IN,INR,BM1802511,#N/A N/A,95.098,BVAL
India Government Bond Coupon Strips,IGBCS,0,12-12-2030,AT MATURITY,IN,INR,BQ0629502,#N/A N/A,75.983,BVAL
India Government Bond Coupon Strips,IGBCS,0,22-02-2032,AT MATURITY,IN,INR,BQ2985944,#N/A N/A,70.015,BVAL
India Government Bond Coupon Strips,IGBCS,0,12-03-2027,AT MATURITY,IN,INR,BZ4088994,#N/A N/A,96.545,BVAL
India Government Bond Coupon Strips,IGBCS,0,19-07-2029,AT MATURITY,IN,INR,DN7358860,#N/A N/A,83.442,BVAL
India Government Bond,IGB,8.33,21-09-2032,AT MATURITY,IN,INR,EG8695249,NR,108.36,NDSI
India Government Bond Coupon Strips,IGBCS,0,25-11-2032,AT MATURITY,IN,INR,YT6426217,#N/A N/A,66.428,BVAL
India Government Bond Coupon Strips,IGBCS,0,25-05-2033,AT MATURITY,IN,INR,YT6426282,#N/A N/A,64.161,BVAL
India Government Bond Coupon Strips,IGBCS,0,25-05-2039,AT MATURITY,IN,INR,YT6427447,#N/A N/A,41.352,BVAL
India Government Bond Coupon Strips,IGBCS,0,25-11-2043,AT MATURITY,IN,INR,YT6427884,#N/A N/A,28.837,BVAL
India Government Bond Coupon Strips,IGBCS,0,25-11-2033,AT MATURITY,IN,INR,YT6484786,#N/A N/A,61.913,BVAL
India Government Bond Coupon Strips,IGBCS,0,19-12-2028,AT MATURITY,IN,INR,ZJ6879531,#N/A N/A,86.584,BVAL
India Government Bond Coupon Strips,IGBCS,0,19-06-2030,AT MATURITY,IN,INR,ZJ6880687,#N/A N/A,78.502,BVAL
India Government Bond Coupon Strips,IGBCS,0,19-09-2029,AT MATURITY,IN,INR,ZN1291410,#N/A N/A,80.5424,NDSI
India Government Bond Coupon Strips,IGBCS,0,19-03-2031,AT MATURITY,IN,INR,ZN1292269,#N/A N/A,74.624,BVAL
India Government Bond Coupon Strips,IGBCS,0,12-09-2028,AT MATURITY,IN,INR,ZN6867404,#N/A N/A,88.079,BVAL
India Government Bond Coupon Strips,IGBCS,0,17-12-2030,AT MATURITY,IN,INR,ZR3633362,#N/A N/A,75.912,BVAL
India Government AID Bond,AID,4.95372,01-02-2027,CALL/SINK,IN,USD,DD1096476,#N/A N/A,100.738,BVAL
India Government Bond,IGB,9.2,30-09-2030,AT MATURITY,IN,INR,EJ8517744,#N/A N/A,110.08,NDSI
Reserve Bank of India Sovereign Gold Bond,SGBIN,2.5,20-07-2029,AT MATURITY,IN,INR,ZN6434296,NR,14086,EXCH
Reserve Bank of India Sovereign Gold Bond,SGBIN,2.5,30-10-2027,AT MATURITY,IN,INR,ZN6447835,NR,14347.95,EXCH
Reserve Bank of India Sovereign Gold Bond,SGBIN,2.5,28-12-2031,AT MATURITY,IN,INR,ZG9947331,NR,14485,EXCH
Reserve Bank of India Sovereign Gold Bond,SGBIN,2.5,11-02-2028,AT MATURITY,IN,INR,ZN6434734,NR,14371.82,EXCH
Reserve Bank of India Sovereign Gold Bond,SGBIN,2.5,28-06-2030,AT MATURITY,IN,INR,ZN6438206,NR,14242.67,EXCH
India Government Bond Coupon Strips,IGBCS,0,26-10-2027,AT MATURITY,IN,INR,AV6699020,#N/A N/A,93.017,BVAL
India Government Bond Coupon Strips,IGBCS,0,26-10-2031,AT MATURITY,IN,INR,AV6699277,#N/A N/A,71.602,BVAL
India Government Bond Coupon Strips,IGBCS,0,26-10-2032,AT MATURITY,IN,INR,AV6700570,#N/A N/A,66.812,BVAL
India Government Bond Coupon Strips,IGBCS,0,10-10-2031,AT MATURITY,IN,INR,AX5208563,#N/A N/A,71.819,BVAL
India Government Bond Coupon Strips,IGBCS,0,07-12-2026,AT MATURITY,IN,INR,AZ7704762,#N/A N/A,98.016,BVAL
India Government Bond Coupon Strips,IGBCS,0,15-03-2059,AT MATURITY,IN,INR,BJ5981656,#N/A N/A,8.119,BVAL
India Government Bond Coupon Strips,IGBCS,0,15-06-2031,AT MATURITY,IN,INR,BM1797760,#N/A N/A,73.412,BVAL
India Government Bond Coupon Strips,IGBCS,0,12-12-2032,AT MATURITY,IN,INR,BN3648506,#N/A N/A,66.212,BVAL
India Government Bond Principal Strips,IGBPS,0,12-12-2041,AT MATURITY,IN,INR,BN3651575,#N/A N/A,33.809,BVAL
India Government Bond Principal Strips,IGBPS,0,23-12-2043,AT MATURITY,IN,INR,BQ0672783,#N/A N/A,#N/A N/A,NDSI
India Government Bond Coupon Strips,IGBCS,0,22-08-2031,AT MATURITY,IN,INR,BQ2985902,#N/A N/A,72.485,BVAL
India Government Bond Coupon Strips,IGBCS,0,12-06-2028,AT MATURITY,IN,INR,BQ5895173,#N/A N/A,#N/A N/A,NDSI
India Government Bond Coupon Strips,IGBCS,0,16-06-2031,AT MATURITY,IN,INR,BY3999681,#N/A N/A,73.398,BVAL
India Government Bond Coupon Strips,IGBCS,0,16-06-2032,AT MATURITY,IN,INR,BY4002964,#N/A N/A,68.516,BVAL
India Government Bond Coupon Strips,IGBCS,0,19-03-2029,AT MATURITY,IN,INR,BZ5076352,#N/A N/A,85.235,BVAL
India Government Bond,IGB,8.32,02-08-2032,AT MATURITY,IN,INR,EG7053101,NR,108.4,NDSI
India Government Bond,IGB,5.32,25-01-2035,AT MATURITY,IN,INR,EI1247846,NR,#N/A N/A,BGN
India Government Bond Coupon Strips,IGBCS,0,02-01-2027,AT MATURITY,IN,INR,EI4391013,#N/A N/A,97.617,BVAL
India Government Bond Coupon Strips,IGBCS,0,02-07-2027,AT MATURITY,IN,INR,EI4391054,#N/A N/A,94.832,BVAL
India Government Bond Coupon Strips,IGBCS,0,02-01-2028,AT MATURITY,IN,INR,EI4391138,#N/A N/A,91.957,BVAL
India Government Bond Coupon Strips,IGBCS,0,02-07-2030,AT MATURITY,IN,INR,EI4391617,#N/A N/A,78.316,BVAL
India Government Bond Coupon Strips,IGBCS,0,02-07-2031,AT MATURITY,IN,INR,EJ5472448,#N/A N/A,73.18,BVAL
India Government Bond,IGB,8.24,10-11-2033,AT MATURITY,IN,INR,EK5791562,#N/A N/A,108.85,NDSI
India Government Bond Coupon Strips,IGBCS,0,18-02-2027,AT MATURITY,IN,INR,YK5531396,#N/A N/A,96.919,BVAL
India Government Bond Coupon Strips,IGBCS,0,15-10-2047,AT MATURITY,IN,INR,YP6965634,#N/A N/A,20.854,BVAL
India Special Government Bond,INDSPB,6.55,27-09-2029,AT MATURITY,IN,INR,YP8869396,#N/A N/A,#N/A N/A,BGN
India Special Government Bond,INDSPB,6.44,30-03-2035,AT MATURITY,IN,INR,YP8878884,#N/A N/A,#N/A N/A,BGN
India Government Bond Principal Strips,IGBPS,0,25-11-2074,AT MATURITY,IN,INR,YT6424303,#N/A N/A,2.713,BVAL
India Government Bond Coupon Strips,IGBCS,0,25-11-2030,AT MATURITY,IN,INR,YT6425714,#N/A N/A,76.224,BVAL
India Government Bond Coupon Strips,IGBCS,0,25-05-2032,AT MATURITY,IN,INR,YT6426159,#N/A N/A,68.8,BVAL
India Government Bond Coupon Strips,IGBCS,0,25-05-2035,AT MATURITY,IN,INR,YT6426639,#N/A N/A,55.635,BVAL
India Government Bond Coupon Strips,IGBCS,0,25-11-2035,AT MATURITY,IN,INR,YT6426696,#N/A N/A,53.65,BVAL
India Government Bond Coupon Strips,IGBCS,0,25-05-2036,AT MATURITY,IN,INR,YT6426779,#N/A N/A,51.754,BVAL
India Government Bond Coupon Strips,IGBCS,0,25-05-2037,AT MATURITY,IN,INR,YT6426878,#N/A N/A,48.092,BVAL
India Government Bond Coupon Strips,IGBCS,0,25-11-2038,AT MATURITY,IN,INR,YT6427371,#N/A N/A,42.948,BVAL
India Government Bond Coupon Strips,IGBCS,0,15-10-2028,AT MATURITY,IN,INR,YV0294459,#N/A N/A,87.572,BVAL
India Government Bond Coupon Strips,IGBCS,0,15-04-2031,AT MATURITY,IN,INR,YV0294889,#N/A N/A,74.25,BVAL
India Government Bond Coupon Strips,IGBCS,0,15-10-2031,AT MATURITY,IN,INR,YV0295142,#N/A N/A,71.751,BVAL
India Government Bond Coupon Strips,IGBCS,0,15-04-2034,AT MATURITY,IN,INR,YV0295506,#N/A N/A,60.237,BVAL
India Government Bond Coupon Strips,IGBCS,0,15-10-2035,AT MATURITY,IN,INR,YV0295688,#N/A N/A,54.087,BVAL
India Government Bond Coupon Strips,IGBCS,0,05-02-2027,AT MATURITY,IN,INR,YV5766139,#N/A N/A,97.122,BVAL
India Government Bond Coupon Strips,IGBCS,0,05-08-2031,AT MATURITY,IN,INR,YV5767723,#N/A N/A,72.717,BVAL
India Government Bond Coupon Strips,IGBCS,0,22-10-2029,AT MATURITY,IN,INR,YW0129448,#N/A N/A,82.015,BVAL
India Government Bond Coupon Strips,IGBCS,0,06-05-2072,AT MATURITY,IN,INR,YW0129612,#N/A N/A,3.151,BVAL
India Government Bond Coupon Strips,IGBCS,0,22-10-2037,AT MATURITY,IN,INR,YW0130289,#N/A N/A,46.64,BVAL
India Government Bond Coupon Strips,IGBCS,0,06-05-2031,AT MATURITY,IN,INR,YX9884892,#N/A N/A,73.96,BVAL
India Government Bond Coupon Strips,IGBCS,0,12-06-2042,AT MATURITY,IN,INR,ZJ0078791,#N/A N/A,32.466,BVAL
India Government Bond Coupon Strips,IGBCS,0,19-06-2031,AT MATURITY,IN,INR,ZJ6881131,#N/A N/A,73.357,BVAL
India Government Bond Coupon Strips,IGBCS,0,19-09-2026,AT MATURITY,IN,INR,ZN1265117,#N/A N/A,99.25,BVAL
India Government Bond Coupon Strips,IGBCS,0,19-09-2030,AT MATURITY,IN,INR,ZN1291964,#N/A N/A,77.181,BVAL
India Government Bond Coupon Strips,IGBCS,0,19-03-2030,AT MATURITY,IN,INR,ZN1523747,#N/A N/A,79.83,BVAL
India Government Bond Coupon Strips,IGBCS,0,01-12-2026,AT MATURITY,IN,INR,ZN6837050,#N/A N/A,98.109,BVAL
India Government Bond Coupon Strips,IGBCS,0,12-09-2030,AT MATURITY,IN,INR,ZN6869061,#N/A N/A,77.281,BVAL
India Government Bond Coupon Strips,IGBCS,0,12-09-2031,AT MATURITY,IN,INR,ZN6869467,#N/A N/A,72.199,BVAL
India Government Bond Coupon Strips,IGBCS,0,17-12-2026,AT MATURITY,IN,INR,ZR3430470,#N/A N/A,97.862,BVAL
India Government Bond Coupon Strips,IGBCS,0,17-06-2028,AT MATURITY,IN,INR,ZR3430546,#N/A N/A,89.404,BVAL
India Government Bond Coupon Strips,IGBCS,0,17-06-2030,AT MATURITY,IN,INR,ZR3647040,#N/A N/A,78.531,BVAL
India Government Bond Coupon Strips,IGBCS,0,17-06-2031,AT MATURITY,IN,INR,ZR3650267,#N/A N/A,73.385,BVAL
India Government Bond Principal Strips,IGBPS,0,10-08-2034,AT MATURITY,IN,INR,ZR9535439,#N/A N/A,58.879,BVAL
India Government Bond Principal Strips,IGBPS,0,26-10-2055,AT MATURITY,IN,INR,AV6227764,#N/A N/A,11.7879,NDSI
India Government Bond Coupon Strips,IGBCS,0,26-04-2028,AT MATURITY,IN,INR,AV6699053,#N/A N/A,90.191,BVAL
India Government Bond Coupon Strips,IGBCS,0,26-10-2028,AT MATURITY,IN,INR,AV6699079,#N/A N/A,87.404,BVAL
India Government Bond Coupon Strips,IGBCS,0,26-04-2029,AT MATURITY,IN,INR,AV6699111,#N/A N/A,84.672,BVAL
India Government Bond Coupon Strips,IGBCS,0,26-10-2029,AT MATURITY,IN,INR,AV6699129,#N/A N/A,81.955,BVAL
India Government Bond Coupon Strips,IGBCS,0,26-04-2030,AT MATURITY,IN,INR,AV6699145,#N/A N/A,79.279,BVAL
India Government Bond Coupon Strips,IGBCS,0,26-10-2030,AT MATURITY,IN,INR,AV6699186,#N/A N/A,76.651,BVAL
India Government Bond Coupon Strips,IGBCS,0,26-04-2031,AT MATURITY,IN,INR,AV6699236,#N/A N/A,74.098,BVAL
India Government Bond Coupon Strips,IGBCS,0,26-04-2032,AT MATURITY,IN,INR,AV6699343,#N/A N/A,69.177,BVAL
India Government Bond Coupon Strips,IGBCS,0,26-04-2046,AT MATURITY,IN,INR,AV6699715,#N/A N/A,23.582,BVAL
India Government Bond Coupon Strips,IGBCS,0,26-10-2046,AT MATURITY,IN,INR,AV6700521,#N/A N/A,22.602,BVAL
India Government Bond Coupon Strips,IGBCS,0,26-04-2047,AT MATURITY,IN,INR,AV6700539,#N/A N/A,21.656,BVAL
India Government Bond Coupon Strips,IGBCS,0,26-10-2047,AT MATURITY,IN,INR,AV6700588,#N/A N/A,20.743,BVAL
India Government Bond Coupon Strips,IGBCS,0,26-04-2033,AT MATURITY,IN,INR,AV6700596,#N/A N/A,64.518,BVAL
India Government Bond Coupon Strips,IGBCS,0,26-04-2048,AT MATURITY,IN,INR,AV6700612,#N/A N/A,19.869,BVAL
India Government Bond Coupon Strips,IGBCS,0,26-10-2048,AT MATURITY,IN,INR,AV6700778,#N/A N/A,19.028,BVAL
India Government Bond Coupon Strips,IGBCS,0,26-10-2033,AT MATURITY,IN,INR,AV6700802,#N/A N/A,62.276,BVAL
India Government Bond Coupon Strips,IGBCS,0,26-04-2049,AT MATURITY,IN,INR,AV6700810,#N/A N/A,18.224,BVAL
India Government Bond Coupon Strips,IGBCS,0,26-04-2034,AT MATURITY,IN,INR,AV6700836,#N/A N/A,60.108,BVAL
India Government Bond Coupon Strips,IGBCS,0,26-10-2034,AT MATURITY,IN,INR,AV6700844,#N/A N/A,57.993,BVAL
India Government Bond Coupon Strips,IGBCS,0,26-10-2049,AT MATURITY,IN,INR,AV6700851,#N/A N/A,17.448,BVAL
India Government Bond Coupon Strips,IGBCS,0,26-04-2035,AT MATURITY,IN,INR,AV6700869,#N/A N/A,55.953,BVAL
India Government Bond Coupon Strips,IGBCS,0,26-04-2050,AT MATURITY,IN,INR,AV6700877,#N/A N/A,16.707,BVAL
India Government Bond Coupon Strips,IGBCS,0,26-10-2050,AT MATURITY,IN,INR,AV6700885,#N/A N/A,15.995,BVAL
India Government Bond Coupon Strips,IGBCS,0,26-10-2035,AT MATURITY,IN,INR,AV6700901,#N/A N/A,53.969,BVAL
India Government Bond Coupon Strips,IGBCS,0,26-04-2036,AT MATURITY,IN,INR,AV6700927,#N/A N/A,52.051,BVAL
India Government Bond Coupon Strips,IGBCS,0,26-10-2036,AT MATURITY,IN,INR,AV6700968,#N/A N/A,50.19,BVAL
India Government Bond Coupon Strips,IGBCS,0,26-04-2051,AT MATURITY,IN,INR,AV6700976,#N/A N/A,15.318,BVAL
India Government Bond Coupon Strips,IGBCS,0,26-04-2037,AT MATURITY,IN,INR,AV6700984,#N/A N/A,48.375,BVAL
India Government Bond Coupon Strips,IGBCS,0,26-10-2051,AT MATURITY,IN,INR,AV6701040,#N/A N/A,14.671,BVAL
India Government Bond Coupon Strips,IGBCS,0,26-10-2037,AT MATURITY,IN,INR,AV6701057,#N/A N/A,46.602,BVAL
India Government Bond Coupon Strips,IGBCS,0,26-04-2052,AT MATURITY,IN,INR,AV6701123,#N/A N/A,14.056,BVAL
India Government Bond Coupon Strips,IGBCS,0,26-04-2038,AT MATURITY,IN,INR,AV6701149,#N/A N/A,44.89,BVAL
India Government Bond Coupon Strips,IGBCS,0,26-10-2052,AT MATURITY,IN,INR,AV6701164,#N/A N/A,13.48,BVAL
India Government Bond Coupon Strips,IGBCS,0,26-10-2038,AT MATURITY,IN,INR,AV6701172,#N/A N/A,43.219,BVAL
India Government Bond Coupon Strips,IGBCS,0,26-04-2053,AT MATURITY,IN,INR,AV6701388,#N/A N/A,12.945,BVAL
India Government Bond Coupon Strips,IGBCS,0,26-10-2053,AT MATURITY,IN,INR,AV6701396,#N/A N/A,12.438,BVAL
India Government Bond Coupon Strips,IGBCS,0,26-04-2054,AT MATURITY,IN,INR,AV6701420,#N/A N/A,11.964,BVAL
India Government Bond Coupon Strips,IGBCS,0,26-10-2054,AT MATURITY,IN,INR,AV6701446,#N/A N/A,11.507,BVAL
India Government Bond Coupon Strips,IGBCS,0,26-04-2055,AT MATURITY,IN,INR,AV6701511,#N/A N/A,11.07,BVAL
India Government Bond Coupon Strips,IGBCS,0,26-10-2055,AT MATURITY,IN,INR,AV6701552,#N/A N/A,10.645,BVAL
India Government Bond Coupon Strips,IGBCS,0,26-04-2039,AT MATURITY,IN,INR,AV6704820,#N/A N/A,41.604,BVAL
India Government Bond Coupon Strips,IGBCS,0,26-10-2039,AT MATURITY,IN,INR,AV6705173,#N/A N/A,40.028,BVAL
India Government Bond Coupon Strips,IGBCS,0,26-04-2040,AT MATURITY,IN,INR,AV6705652,#N/A N/A,38.499,BVAL
India Government Bond Coupon Strips,IGBCS,0,26-10-2040,AT MATURITY,IN,INR,AV6705694,#N/A N/A,37.011,BVAL
India Government Bond Coupon Strips,IGBCS,0,26-04-2041,AT MATURITY,IN,INR,AV6707740,#N/A N/A,35.571,BVAL
India Government Bond Coupon Strips,IGBCS,0,26-10-2041,AT MATURITY,IN,INR,AV6707823,#N/A N/A,34.165,BVAL
India Government Bond Coupon Strips,IGBCS,0,26-04-2042,AT MATURITY,IN,INR,AV6707872,#N/A N/A,32.808,BVAL
India Government Bond Coupon Strips,IGBCS,0,26-10-2042,AT MATURITY,IN,INR,AV6707906,#N/A N/A,31.501,BVAL
India Government Bond Coupon Strips,IGBCS,0,26-04-2043,AT MATURITY,IN,INR,AV6707930,#N/A N/A,30.248,BVAL
India Government Bond Coupon Strips,IGBCS,0,26-10-2043,AT MATURITY,IN,INR,AV6710280,#N/A N/A,29.032,BVAL
India Government Bond Coupon Strips,IGBCS,0,26-04-2044,AT MATURITY,IN,INR,AV6711254,#N/A N/A,27.859,BVAL
India Government Bond Coupon Strips,IGBCS,0,26-10-2044,AT MATURITY,IN,INR,AV6713268,#N/A N/A,26.727,BVAL
India Government Bond Coupon Strips,IGBCS,0,26-04-2045,AT MATURITY,IN,INR,AV6714639,#N/A N/A,25.64,BVAL
India Government Bond Coupon Strips,IGBCS,0,26-10-2045,AT MATURITY,IN,INR,AV6715834,#N/A N/A,24.588,BVAL
India Government Bond Coupon Strips,IGBCS,0,26-10-2026,AT MATURITY,IN,INR,AV6934088,#N/A N/A,98.668,BVAL
India Government Bond Coupon Strips,IGBCS,0,26-04-2027,AT MATURITY,IN,INR,AV6934112,#N/A N/A,95.865,BVAL
India Government Bond Coupon Strips,IGBCS,0,09-03-2035,AT MATURITY,IN,INR,AX0038767,#N/A N/A,56.484,BVAL
India Government Bond Coupon Strips,IGBCS,0,09-09-2034,AT MATURITY,IN,INR,AX0044609,#N/A N/A,58.532,BVAL
India Government Bond Coupon Strips,IGBCS,0,28-05-2038,AT MATURITY,IN,INR,AX0290269,#N/A N/A,44.596,BVAL
India Government Bond Coupon Strips,IGBCS,0,28-11-2038,AT MATURITY,IN,INR,AX0290301,#N/A N/A,42.921,BVAL
India Government Bond Coupon Strips,IGBCS,0,28-05-2039,AT MATURITY,IN,INR,AX0290400,#N/A N/A,41.326,BVAL
India Government Bond Coupon Strips,IGBCS,0,28-11-2037,AT MATURITY,IN,INR,AX0290442,#N/A N/A,46.286,BVAL
India Government Bond Coupon Strips,IGBCS,0,28-11-2039,AT MATURITY,IN,INR,AX0290558,#N/A N/A,39.748,BVAL
India Government Bond Coupon Strips,IGBCS,0,28-05-2040,AT MATURITY,IN,INR,AX0290640,#N/A N/A,38.238,BVAL
India Government Bond Coupon Strips,IGBCS,0,28-11-2040,AT MATURITY,IN,INR,AX0290731,#N/A N/A,36.746,BVAL
India Government Bond Coupon Strips,IGBCS,0,28-05-2041,AT MATURITY,IN,INR,AX0290806,#N/A N/A,35.324,BVAL
India Government Bond Coupon Strips,IGBCS,0,28-11-2041,AT MATURITY,IN,INR,AX0290905,#N/A N/A,33.915,BVAL
India Government Bond Coupon Strips,IGBCS,0,28-05-2042,AT MATURITY,IN,INR,AX0290970,#N/A N/A,32.575,BVAL
India Government Bond Coupon Strips,IGBCS,0,28-11-2042,AT MATURITY,IN,INR,AX0291200,#N/A N/A,31.27,BVAL
India Government Bond Coupon Strips,IGBCS,0,28-05-2043,AT MATURITY,IN,INR,AX0291747,#N/A N/A,30.033,BVAL
India Government Bond Coupon Strips,IGBCS,0,28-11-2043,AT MATURITY,IN,INR,AX0297587,#N/A N/A,28.817,BVAL
India Government Bond Coupon Strips,IGBCS,0,28-05-2044,AT MATURITY,IN,INR,AX0297728,#N/A N/A,27.659,BVAL
India Government Bond Coupon Strips,IGBCS,0,28-11-2045,AT MATURITY,IN,INR,AX0297769,#N/A N/A,24.402,BVAL
India Government Bond Coupon Strips,IGBCS,0,28-11-2044,AT MATURITY,IN,INR,AX0297785,#N/A N/A,26.526,BVAL
India Government Bond Coupon Strips,IGBCS,0,28-05-2046,AT MATURITY,IN,INR,AX0297801,#N/A N/A,23.41,BVAL
India Government Bond Coupon Strips,IGBCS,0,28-05-2045,AT MATURITY,IN,INR,AX0298114,#N/A N/A,25.453,BVAL
India Government Bond Coupon Strips,IGBCS,0,28-05-2048,AT MATURITY,IN,INR,AX0298205,#N/A N/A,19.72,BVAL
India Government Bond Coupon Strips,IGBCS,0,28-11-2048,AT MATURITY,IN,INR,AX0298254,#N/A N/A,18.88,BVAL
India Government Bond Coupon Strips,IGBCS,0,28-05-2049,AT MATURITY,IN,INR,AX0298478,#N/A N/A,18.086,BVAL
India Government Bond Coupon Strips,IGBCS,0,28-11-2049,AT MATURITY,IN,INR,AX0298551,#N/A N/A,17.311,BVAL
India Government Bond Coupon Strips,IGBCS,0,28-05-2050,AT MATURITY,IN,INR,AX0298601,#N/A N/A,16.581,BVAL
India Government Bond Coupon Strips,IGBCS,0,28-11-2046,AT MATURITY,IN,INR,AX0298627,#N/A N/A,22.427,BVAL
India Government Bond Coupon Strips,IGBCS,0,28-11-2047,AT MATURITY,IN,INR,AX0298692,#N/A N/A,20.583,BVAL
India Government Bond Coupon Strips,IGBCS,0,28-11-2028,AT MATURITY,IN,INR,AX0298726,#N/A N/A,86.902,BVAL
India Government Bond Coupon Strips,IGBCS,0,28-05-2047,AT MATURITY,IN,INR,AX0298809,#N/A N/A,21.493,BVAL
India Government Bond Coupon Strips,IGBCS,0,28-11-2050,AT MATURITY,IN,INR,AX0299427,#N/A N/A,15.87,BVAL
India Government Bond Coupon Strips,IGBCS,0,28-05-2051,AT MATURITY,IN,INR,AX0303245,#N/A N/A,15.202,BVAL
India Government Bond Coupon Strips,IGBCS,0,28-11-2051,AT MATURITY,IN,INR,AX0305802,#N/A N/A,14.558,BVAL
India Government Bond Coupon Strips,IGBCS,0,28-11-2026,AT MATURITY,IN,INR,AX0306297,#N/A N/A,98.155,BVAL
India Government Bond Coupon Strips,IGBCS,0,28-05-2027,AT MATURITY,IN,INR,AX0306347,#N/A N/A,95.365,BVAL
India Government Bond Coupon Strips,IGBCS,0,09-03-2034,AT MATURITY,IN,INR,AX0306719,#N/A N/A,60.672,BVAL
India Government Bond Coupon Strips,IGBCS,0,28-11-2027,AT MATURITY,IN,INR,AX0306743,#N/A N/A,92.501,BVAL
India Government Bond Coupon Strips,IGBCS,0,28-05-2028,AT MATURITY,IN,INR,AX0306800,#N/A N/A,89.706,BVAL
India Government Bond Coupon Strips,IGBCS,0,28-11-2029,AT MATURITY,IN,INR,AX0306818,#N/A N/A,81.463,BVAL
India Government Bond Coupon Strips,IGBCS,0,09-09-2033,AT MATURITY,IN,INR,AX0306859,#N/A N/A,62.849,BVAL
India Government Bond Coupon Strips,IGBCS,0,28-05-2030,AT MATURITY,IN,INR,AX0306867,#N/A N/A,78.818,BVAL
India Government Bond Coupon Strips,IGBCS,0,28-11-2030,AT MATURITY,IN,INR,AX0306941,#N/A N/A,76.181,BVAL
India Government Bond Coupon Strips,IGBCS,0,09-03-2033,AT MATURITY,IN,INR,AX0307733,#N/A N/A,65.115,BVAL
India Government Bond Principal Strips,IGBPS,0,28-11-2051,AT MATURITY,IN,INR,AX0307816,#N/A N/A,14.558,BVAL
India Government Bond Coupon Strips,IGBCS,0,09-09-2032,AT MATURITY,IN,INR,AX0307881,#N/A N/A,67.417,BVAL
India Government Bond Coupon Strips,IGBCS,0,09-03-2032,AT MATURITY,IN,INR,AX0307923,#N/A N/A,69.805,BVAL
India Government Bond Coupon Strips,IGBCS,0,09-09-2031,AT MATURITY,IN,INR,AX0308020,#N/A N/A,72.239,BVAL
India Government Bond Coupon Strips,IGBCS,0,09-03-2031,AT MATURITY,IN,INR,AX0308194,#N/A N/A,74.763,BVAL
India Government Bond Coupon Strips,IGBCS,0,09-09-2030,AT MATURITY,IN,INR,AX0309754,#N/A N/A,77.324,BVAL
India Government Bond Coupon Strips,IGBCS,0,28-05-2031,AT MATURITY,IN,INR,AX0310992,#N/A N/A,73.658,BVAL
India Government Bond Coupon Strips,IGBCS,0,28-05-2029,AT MATURITY,IN,INR,AX0311966,#N/A N/A,84.201,BVAL
India Government Bond Coupon Strips,IGBCS,0,28-05-2032,AT MATURITY,IN,INR,AX0312014,#N/A N/A,68.761,BVAL
India Government Bond Coupon Strips,IGBCS,0,28-11-2032,AT MATURITY,IN,INR,AX0312063,#N/A N/A,66.39,BVAL
India Government Bond Coupon Strips,IGBCS,0,28-05-2033,AT MATURITY,IN,INR,AX0312105,#N/A N/A,64.124,BVAL
India Government Bond Coupon Strips,IGBCS,0,28-11-2033,AT MATURITY,IN,INR,AX0313582,#N/A N/A,61.877,BVAL
India Government Bond Coupon Strips,IGBCS,0,09-09-2035,AT MATURITY,IN,INR,AX0314507,#N/A N/A,54.474,BVAL
India Government Bond Coupon Strips,IGBCS,0,28-05-2034,AT MATURITY,IN,INR,AX0314879,#N/A N/A,59.735,BVAL
India Government Bond Coupon Strips,IGBCS,0,09-03-2030,AT MATURITY,IN,INR,AX0314911,#N/A N/A,79.976,BVAL
India Government Bond Coupon Strips,IGBCS,0,28-11-2034,AT MATURITY,IN,INR,AX0315140,#N/A N/A,57.617,BVAL
India Government Bond Coupon Strips,IGBCS,0,09-09-2029,AT MATURITY,IN,INR,AX0315157,#N/A N/A,82.661,BVAL
India Government Bond Coupon Strips,IGBCS,0,09-09-2028,AT MATURITY,IN,INR,AX0315207,#N/A N/A,88.125,BVAL
India Government Bond Coupon Strips,IGBCS,0,28-05-2035,AT MATURITY,IN,INR,AX0315470,#N/A N/A,55.602,BVAL
India Government Bond Coupon Strips,IGBCS,0,09-03-2028,AT MATURITY,IN,INR,AX0316148,#N/A N/A,90.923,BVAL
India Government Bond Coupon Strips,IGBCS,0,09-09-2027,AT MATURITY,IN,INR,AX0318607,#N/A N/A,93.758,BVAL
India Government Bond Coupon Strips,IGBCS,0,09-03-2027,AT MATURITY,IN,INR,AX0318979,#N/A N/A,96.592,BVAL
India Government Bond Coupon Strips,IGBCS,0,28-11-2035,AT MATURITY,IN,INR,AX0318995,#N/A N/A,53.618,BVAL
India Government Bond Coupon Strips,IGBCS,0,09-09-2026,AT MATURITY,IN,INR,AX0319019,#N/A N/A,99.408,BVAL
India Government Bond Coupon Strips,IGBCS,0,28-05-2036,AT MATURITY,IN,INR,AX0319027,#N/A N/A,51.723,BVAL
India Government Bond Coupon Strips,IGBCS,0,28-11-2036,AT MATURITY,IN,INR,AX0319050,#N/A N/A,49.858,BVAL
India Government Bond Coupon Strips,IGBCS,0,09-03-2029,AT MATURITY,IN,INR,AX0319068,#N/A N/A,85.384,BVAL
India Government Bond Coupon Strips,IGBCS,0,28-05-2037,AT MATURITY,IN,INR,AX0319084,#N/A N/A,48.062,BVAL
India Government Bond Principal Strips,IGBPS,0,09-09-2035,AT MATURITY,IN,INR,AX0319373,#N/A N/A,54.474,BVAL
India Special Government Bond,INDSPB,7.42,29-01-2029,AT MATURITY,IN,INR,AX1839791,#N/A N/A,#N/A N/A,BGN
India Special Government Bond,INDSPB,7.48,29-01-2030,AT MATURITY,IN,INR,AX1839825,#N/A N/A,#N/A N/A,BGN
India Special Government Bond,INDSPB,7.55,29-01-2031,AT MATURITY,IN,INR,AX1839932,#N/A N/A,#N/A N/A,BGN
India Special Government Bond,INDSPB,7.61,29-01-2032,AT MATURITY,IN,INR,AX1840005,#N/A N/A,#N/A N/A,BGN
India Special Government Bond,INDSPB,7.68,29-01-2033,AT MATURITY,IN,INR,AX1840047,#N/A N/A,#N/A N/A,BGN
India Special Government Bond,INDSPB,7.4,31-12-2031,AT MATURITY,IN,INR,AX1856753,#N/A N/A,#N/A N/A,BGN
India Special Government Bond,INDSPB,7.4,31-12-2032,AT MATURITY,IN,INR,AX1861555,#N/A N/A,#N/A N/A,BGN
India Special Government Bond,INDSPB,7.45,31-12-2033,AT MATURITY,IN,INR,AX1863304,#N/A N/A,#N/A N/A,BGN
India Special Government Bond,INDSPB,7.74,23-07-2028,AT MATURITY,IN,INR,AX2141775,#N/A N/A,#N/A N/A,BGN
India Special Government Bond,INDSPB,7.88,23-07-2030,AT MATURITY,IN,INR,AX2152582,#N/A N/A,#N/A N/A,BGN
India Special Government Bond,INDSPB,7.95,23-07-2031,AT MATURITY,IN,INR,AX2152616,#N/A N/A,#N/A N/A,BGN
India Special Government Bond,INDSPB,8.03,23-07-2032,AT MATURITY,IN,INR,AX2152756,#N/A N/A,#N/A N/A,BGN
India Special Government Bond,INDSPB,8.11,23-07-2033,AT MATURITY,IN,INR,AX2152822,#N/A N/A,#N/A N/A,BGN
India Special Government Bond,INDSPB,7.74,12-11-2028,AT MATURITY,IN,INR,AX2382106,#N/A N/A,#N/A N/A,BGN
India Special Government Bond,INDSPB,7.88,12-11-2030,AT MATURITY,IN,INR,AX2382403,#N/A N/A,#N/A N/A,BGN
India Special Government Bond,INDSPB,7.95,12-11-2031,AT MATURITY,IN,INR,AX2382429,#N/A N/A,#N/A N/A,BGN
India Special Government Bond,INDSPB,8.03,12-11-2032,AT MATURITY,IN,INR,AX2382445,#N/A N/A,#N/A N/A,BGN
India Special Government Bond,INDSPB,8.11,12-11-2033,AT MATURITY,IN,INR,AX2382510,#N/A N/A,#N/A N/A,BGN
India Government Bond Principal Strips,IGBPS,0,10-10-2046,AT MATURITY,IN,INR,AX5205049,#N/A N/A,22.687,BVAL
India Government Bond Coupon Strips,IGBCS,0,10-10-2046,AT MATURITY,IN,INR,AX5206013,#N/A N/A,22.687,BVAL
India Government Bond Coupon Strips,IGBCS,0,10-04-2028,AT MATURITY,IN,INR,AX5206211,#N/A N/A,90.434,BVAL
India Government Bond Coupon Strips,IGBCS,0,10-10-2027,AT MATURITY,IN,INR,AX5206252,#N/A N/A,93.269,BVAL
India Government Bond Coupon Strips,IGBCS,0,10-04-2027,AT MATURITY,IN,INR,AX5206286,#N/A N/A,96.112,BVAL
India Government Bond Coupon Strips,IGBCS,0,10-10-2026,AT MATURITY,IN,INR,AX5206435,#N/A N/A,98.919,BVAL
India Government Bond Coupon Strips,IGBCS,0,10-04-2046,AT MATURITY,IN,INR,AX5206641,#N/A N/A,23.669,BVAL
India Government Bond Coupon Strips,IGBCS,0,10-10-2045,AT MATURITY,IN,INR,AX5206708,#N/A N/A,24.679,BVAL
India Government Bond Coupon Strips,IGBCS,0,10-10-2037,AT MATURITY,IN,INR,AX5206781,#N/A N/A,46.755,BVAL
India Government Bond Coupon Strips,IGBCS,0,10-04-2045,AT MATURITY,IN,INR,AX5206823,#N/A N/A,25.733,BVAL
India Government Bond Coupon Strips,IGBCS,0,10-04-2037,AT MATURITY,IN,INR,AX5207078,#N/A N/A,48.532,BVAL
India Government Bond Coupon Strips,IGBCS,0,10-10-2036,AT MATURITY,IN,INR,AX5207524,#N/A N/A,50.351,BVAL
India Government Bond Coupon Strips,IGBCS,0,10-10-2044,AT MATURITY,IN,INR,AX5207565,#N/A N/A,26.825,BVAL
India Government Bond Coupon Strips,IGBCS,0,10-04-2036,AT MATURITY,IN,INR,AX5207771,#N/A N/A,52.216,BVAL
India Government Bond Coupon Strips,IGBCS,0,10-10-2035,AT MATURITY,IN,INR,AX5208092,#N/A N/A,54.141,BVAL
India Government Bond Coupon Strips,IGBCS,0,10-04-2044,AT MATURITY,IN,INR,AX5208126,#N/A N/A,27.96,BVAL
India Government Bond Coupon Strips,IGBCS,0,10-04-2035,AT MATURITY,IN,INR,AX5208142,#N/A N/A,56.13,BVAL
India Government Bond Coupon Strips,IGBCS,0,10-10-2034,AT MATURITY,IN,INR,AX5208167,#N/A N/A,58.176,BVAL
India Government Bond Coupon Strips,IGBCS,0,10-04-2034,AT MATURITY,IN,INR,AX5208191,#N/A N/A,60.295,BVAL
India Government Bond Coupon Strips,IGBCS,0,10-10-2043,AT MATURITY,IN,INR,AX5208209,#N/A N/A,29.138,BVAL
India Government Bond Coupon Strips,IGBCS,0,10-10-2033,AT MATURITY,IN,INR,AX5208225,#N/A N/A,62.471,BVAL
India Government Bond Coupon Strips,IGBCS,0,10-04-2033,AT MATURITY,IN,INR,AX5208258,#N/A N/A,64.717,BVAL
India Government Bond Coupon Strips,IGBCS,0,10-10-2032,AT MATURITY,IN,INR,AX5208266,#N/A N/A,67.017,BVAL
India Government Bond Coupon Strips,IGBCS,0,10-04-2032,AT MATURITY,IN,INR,AX5208290,#N/A N/A,69.385,BVAL
India Government Bond Coupon Strips,IGBCS,0,10-04-2043,AT MATURITY,IN,INR,AX5209603,#N/A N/A,30.356,BVAL
India Government Bond Coupon Strips,IGBCS,0,10-04-2031,AT MATURITY,IN,INR,AX5209736,#N/A N/A,74.319,BVAL
India Government Bond Coupon Strips,IGBCS,0,10-10-2030,AT MATURITY,IN,INR,AX5210551,#N/A N/A,76.879,BVAL
India Government Bond Coupon Strips,IGBCS,0,10-10-2042,AT MATURITY,IN,INR,AX5211740,#N/A N/A,31.614,BVAL
India Government Bond Coupon Strips,IGBCS,0,10-04-2030,AT MATURITY,IN,INR,AX5211831,#N/A N/A,79.511,BVAL
India Government Bond Coupon Strips,IGBCS,0,10-10-2029,AT MATURITY,IN,INR,AX5212987,#N/A N/A,82.195,BVAL
India Government Bond Coupon Strips,IGBCS,0,10-04-2029,AT MATURITY,IN,INR,AX5214215,#N/A N/A,84.909,BVAL
India Government Bond Coupon Strips,IGBCS,0,10-04-2042,AT MATURITY,IN,INR,AX5214595,#N/A N/A,32.925,BVAL
India Government Bond Coupon Strips,IGBCS,0,10-10-2028,AT MATURITY,IN,INR,AX5215451,#N/A N/A,87.649,BVAL
India Government Bond Coupon Strips,IGBCS,0,10-10-2041,AT MATURITY,IN,INR,AX5217275,#N/A N/A,34.287,BVAL
India Government Bond Coupon Strips,IGBCS,0,10-04-2041,AT MATURITY,IN,INR,AX5218869,#N/A N/A,35.695,BVAL
India Government Bond Coupon Strips,IGBCS,0,10-10-2040,AT MATURITY,IN,INR,AX5219123,#N/A N/A,37.141,BVAL
India Government Bond Coupon Strips,IGBCS,0,10-04-2040,AT MATURITY,IN,INR,AX5219156,#N/A N/A,38.63,BVAL
India Government Bond Coupon Strips,IGBCS,0,10-10-2039,AT MATURITY,IN,INR,AX5219222,#N/A N/A,40.165,BVAL
India Government Bond Coupon Strips,IGBCS,0,10-04-2039,AT MATURITY,IN,INR,AX5219248,#N/A N/A,41.743,BVAL
India Government Bond Coupon Strips,IGBCS,0,10-10-2038,AT MATURITY,IN,INR,AX5219271,#N/A N/A,43.364,BVAL
India Government Bond Coupon Strips,IGBCS,0,10-04-2038,AT MATURITY,IN,INR,AX5219305,#N/A N/A,45.038,BVAL
India Special Government Bond,INDSPB,7.4,21-02-2032,AT MATURITY,IN,INR,AX9660256,#N/A N/A,#N/A N/A,BGN
India Special Government Bond,INDSPB,7.4,21-02-2033,AT MATURITY,IN,INR,AX9662492,#N/A N/A,#N/A N/A,BGN
India Special Government Bond,INDSPB,7.45,21-02-2034,AT MATURITY,IN,INR,AX9664506,#N/A N/A,#N/A N/A,BGN
India Government Bond Principal Strips,IGBPS,0,07-06-2036,AT MATURITY,IN,INR,AZ7683230,#N/A N/A,51.621,BVAL
India Government Bond Coupon Strips,IGBCS,0,07-12-2031,AT MATURITY,IN,INR,AZ7696281,#N/A N/A,71.038,BVAL
India Government Bond Coupon Strips,IGBCS,0,07-12-2032,AT MATURITY,IN,INR,AZ7704515,#N/A N/A,66.275,BVAL
India Government Bond Coupon Strips,IGBCS,0,07-12-2033,AT MATURITY,IN,INR,AZ7704531,#N/A N/A,61.769,BVAL
India Government Bond Coupon Strips,IGBCS,0,07-12-2034,AT MATURITY,IN,INR,AZ7704572,#N/A N/A,57.516,BVAL
India Government Bond Coupon Strips,IGBCS,0,07-12-2027,AT MATURITY,IN,INR,AZ7704911,#N/A N/A,92.361,BVAL
India Government Bond Coupon Strips,IGBCS,0,07-12-2028,AT MATURITY,IN,INR,AZ7704960,#N/A N/A,86.766,BVAL
India Government Bond Coupon Strips,IGBCS,0,07-12-2029,AT MATURITY,IN,INR,AZ7704978,#N/A N/A,81.33,BVAL
India Government Bond Coupon Strips,IGBCS,0,07-12-2030,AT MATURITY,IN,INR,AZ7705009,#N/A N/A,76.054,BVAL
India Government Bond Coupon Strips,IGBCS,0,07-12-2035,AT MATURITY,IN,INR,AZ7709480,#N/A N/A,53.523,BVAL
India Government Bond Coupon Strips,IGBCS,0,07-06-2027,AT MATURITY,IN,INR,AZ7849518,#N/A N/A,95.223,BVAL
India Government Bond Coupon Strips,IGBCS,0,07-06-2028,AT MATURITY,IN,INR,AZ7849526,#N/A N/A,89.555,BVAL
India Government Bond Coupon Strips,IGBCS,0,07-06-2029,AT MATURITY,IN,INR,AZ7849559,#N/A N/A,84.055,BVAL
India Government Bond Coupon Strips,IGBCS,0,07-06-2030,AT MATURITY,IN,INR,AZ7849575,#N/A N/A,78.674,BVAL
India Government Bond Coupon Strips,IGBCS,0,07-06-2031,AT MATURITY,IN,INR,AZ7849609,#N/A N/A,73.521,BVAL
India Government Bond Coupon Strips,IGBCS,0,07-06-2032,AT MATURITY,IN,INR,AZ7849625,#N/A N/A,68.632,BVAL
India Government Bond Coupon Strips,IGBCS,0,07-06-2033,AT MATURITY,IN,INR,AZ7849641,#N/A N/A,64.001,BVAL
India Government Bond Coupon Strips,IGBCS,0,07-06-2034,AT MATURITY,IN,INR,AZ7849666,#N/A N/A,59.618,BVAL
India Government Bond Coupon Strips,IGBCS,0,07-06-2035,AT MATURITY,IN,INR,AZ7849682,#N/A N/A,55.493,BVAL
India Government Bond Coupon Strips,IGBCS,0,07-06-2036,AT MATURITY,IN,INR,AZ7849690,#N/A N/A,51.621,BVAL
India Government Bond Coupon Strips,IGBCS,0,15-03-2030,AT MATURITY,IN,INR,BJ4962228,#N/A N/A,79.889,BVAL
India Government Bond Coupon Strips,IGBCS,0,15-09-2030,AT MATURITY,IN,INR,BJ4963630,#N/A N/A,77.238,BVAL
India Government Bond Coupon Strips,IGBCS,0,15-03-2031,AT MATURITY,IN,INR,BJ4964919,#N/A N/A,74.679,BVAL
India Government Bond Coupon Strips,IGBCS,0,15-09-2035,AT MATURITY,IN,INR,BJ4967524,#N/A N/A,54.409,BVAL
India Government Bond Coupon Strips,IGBCS,0,15-03-2036,AT MATURITY,IN,INR,BJ4968407,#N/A N/A,52.485,BVAL
India Government Bond Coupon Strips,IGBCS,0,15-09-2036,AT MATURITY,IN,INR,BJ4968704,#N/A N/A,50.604,BVAL
India Government Bond Coupon Strips,IGBCS,0,15-03-2037,AT MATURITY,IN,INR,BJ4968977,#N/A N/A,48.788,BVAL
India Government Bond Coupon Strips,IGBCS,0,15-09-2037,AT MATURITY,IN,INR,BJ4969876,#N/A N/A,46.996,BVAL
India Government Bond Coupon Strips,IGBCS,0,15-03-2038,AT MATURITY,IN,INR,BJ4969884,#N/A N/A,45.279,BVAL
India Government Bond Coupon Strips,IGBCS,0,15-09-2038,AT MATURITY,IN,INR,BJ4970171,#N/A N/A,43.591,BVAL
India Government Bond Coupon Strips,IGBCS,0,15-03-2039,AT MATURITY,IN,INR,BJ4970593,#N/A N/A,41.971,BVAL
India Government Bond Coupon Strips,IGBCS,0,15-09-2039,AT MATURITY,IN,INR,BJ4970825,#N/A N/A,40.379,BVAL
India Government Bond Coupon Strips,IGBCS,0,15-03-2040,AT MATURITY,IN,INR,BJ4971054,#N/A N/A,38.845,BVAL
India Government Bond Coupon Strips,IGBCS,0,15-09-2031,AT MATURITY,IN,INR,BJ4978992,#N/A N/A,72.158,BVAL
India Government Bond Coupon Strips,IGBCS,0,15-03-2032,AT MATURITY,IN,INR,BJ4979271,#N/A N/A,69.726,BVAL
India Government Bond Coupon Strips,IGBCS,0,15-09-2032,AT MATURITY,IN,INR,BJ4979875,#N/A N/A,67.34,BVAL
India Government Bond Coupon Strips,IGBCS,0,15-03-2033,AT MATURITY,IN,INR,BJ4980477,#N/A N/A,65.04,BVAL
India Government Bond Coupon Strips,IGBCS,0,15-09-2033,AT MATURITY,IN,INR,BJ4981061,#N/A N/A,62.776,BVAL
India Government Bond Coupon Strips,IGBCS,0,15-03-2034,AT MATURITY,IN,INR,BJ4981798,#N/A N/A,60.601,BVAL
India Government Bond Coupon Strips,IGBCS,0,15-09-2034,AT MATURITY,IN,INR,BJ4982630,#N/A N/A,58.463,BVAL
India Government Bond Coupon Strips,IGBCS,0,15-03-2035,AT MATURITY,IN,INR,BJ4983133,#N/A N/A,56.417,BVAL
India Government Bond Coupon Strips,IGBCS,0,15-03-2047,AT MATURITY,IN,INR,BJ5952327,#N/A N/A,21.87,BVAL
India Government Bond Coupon Strips,IGBCS,0,15-09-2047,AT MATURITY,IN,INR,BJ5954232,#N/A N/A,20.945,BVAL
India Government Bond Coupon Strips,IGBCS,0,15-03-2048,AT MATURITY,IN,INR,BJ5954281,#N/A N/A,20.066,BVAL
India Government Bond Coupon Strips,IGBCS,0,15-09-2048,AT MATURITY,IN,INR,BJ5954380,#N/A N/A,19.215,BVAL
India Government Bond Coupon Strips,IGBCS,0,15-03-2049,AT MATURITY,IN,INR,BJ5955015,#N/A N/A,18.406,BVAL
India Government Bond Coupon Strips,IGBCS,0,15-09-2049,AT MATURITY,IN,INR,BJ5960353,#N/A N/A,17.62,BVAL
India Government Bond Coupon Strips,IGBCS,0,15-03-2050,AT MATURITY,IN,INR,BJ5960445,#N/A N/A,16.875,BVAL
India Government Bond Coupon Strips,IGBCS,0,15-09-2050,AT MATURITY,IN,INR,BJ5960684,#N/A N/A,16.152,BVAL
India Government Bond Coupon Strips,IGBCS,0,15-03-2051,AT MATURITY,IN,INR,BJ5965311,#N/A N/A,15.471,BVAL
India Government Bond Coupon Strips,IGBCS,0,15-09-2051,AT MATURITY,IN,INR,BJ5975781,#N/A N/A,14.812,BVAL
India Government Bond Coupon Strips,IGBCS,0,15-03-2052,AT MATURITY,IN,INR,BJ5975831,#N/A N/A,14.194,BVAL
India Government Bond Coupon Strips,IGBCS,0,15-09-2052,AT MATURITY,IN,INR,BJ5975864,#N/A N/A,13.603,BVAL
India Government Bond Coupon Strips,IGBCS,0,15-03-2053,AT MATURITY,IN,INR,BJ5975880,#N/A N/A,13.066,BVAL
India Government Bond Coupon Strips,IGBCS,0,15-09-2053,AT MATURITY,IN,INR,BJ5975914,#N/A N/A,12.548,BVAL
India Government Bond Coupon Strips,IGBCS,0,15-03-2054,AT MATURITY,IN,INR,BJ5976854,#N/A N/A,12.072,BVAL
India Government Bond Coupon Strips,IGBCS,0,15-09-2054,AT MATURITY,IN,INR,BJ5976888,#N/A N/A,11.608,BVAL
India Government Bond Coupon Strips,IGBCS,0,15-03-2055,AT MATURITY,IN,INR,BJ5977126,#N/A N/A,11.169,BVAL
India Government Bond Coupon Strips,IGBCS,0,15-09-2055,AT MATURITY,IN,INR,BJ5977357,#N/A N/A,10.739,BVAL
India Government Bond Coupon Strips,IGBCS,0,15-03-2056,AT MATURITY,IN,INR,BJ5977431,#N/A N/A,10.327,BVAL
India Government Bond Coupon Strips,IGBCS,0,15-09-2056,AT MATURITY,IN,INR,BJ5977472,#N/A N/A,9.934,BVAL
India Government Bond Coupon Strips,IGBCS,0,15-03-2057,AT MATURITY,IN,INR,BJ5977597,#N/A N/A,9.55,BVAL
India Government Bond Coupon Strips,IGBCS,0,15-09-2057,AT MATURITY,IN,INR,BJ5977811,#N/A N/A,9.17,BVAL
India Government Bond Coupon Strips,IGBCS,0,15-03-2058,AT MATURITY,IN,INR,BJ5978827,#N/A N/A,8.811,BVAL
India Government Bond Coupon Strips,IGBCS,0,15-09-2058,AT MATURITY,IN,INR,BJ5981409,#N/A N/A,8.455,BVAL
India Government Bond Coupon Strips,IGBCS,0,15-09-2059,AT MATURITY,IN,INR,BJ5981854,#N/A N/A,7.787,BVAL
India Government Bond Coupon Strips,IGBCS,0,15-03-2060,AT MATURITY,IN,INR,BJ5982340,#N/A N/A,7.473,BVAL
India Government Bond Coupon Strips,IGBCS,0,15-09-2060,AT MATURITY,IN,INR,BJ5982621,#N/A N/A,7.164,BVAL
India Government Bond Principal Strips,IGBPS,0,15-09-2060,AT MATURITY,IN,INR,BJ5983918,#N/A N/A,7.164,BVAL
India Government Bond Coupon Strips,IGBCS,0,15-09-2026,AT MATURITY,IN,INR,BJ6137118,#N/A N/A,99.313,BVAL
India Government Bond Coupon Strips,IGBCS,0,15-03-2027,AT MATURITY,IN,INR,BJ6137787,#N/A N/A,96.499,BVAL
India Government Bond Coupon Strips,IGBCS,0,15-09-2027,AT MATURITY,IN,INR,BJ6139254,#N/A N/A,93.663,BVAL
India Government Bond Coupon Strips,IGBCS,0,15-03-2028,AT MATURITY,IN,INR,BJ6140195,#N/A N/A,90.832,BVAL
India Government Bond Coupon Strips,IGBCS,0,15-09-2028,AT MATURITY,IN,INR,BJ6140831,#N/A N/A,88.032,BVAL
India Government Bond Coupon Strips,IGBCS,0,15-03-2029,AT MATURITY,IN,INR,BJ6142092,#N/A N/A,85.295,BVAL
India Government Bond Coupon Strips,IGBCS,0,15-09-2029,AT MATURITY,IN,INR,BJ6143223,#N/A N/A,82.571,BVAL
India Government Bond Coupon Strips,IGBCS,0,15-09-2040,AT MATURITY,IN,INR,BJ6143850,#N/A N/A,37.344,BVAL
India Government Bond Coupon Strips,IGBCS,0,15-03-2041,AT MATURITY,IN,INR,BJ6239690,#N/A N/A,35.898,BVAL
India Government Bond Coupon Strips,IGBCS,0,15-09-2041,AT MATURITY,IN,INR,BJ6240516,#N/A N/A,34.479,BVAL
India Government Bond Coupon Strips,IGBCS,0,15-03-2042,AT MATURITY,IN,INR,BJ6241282,#N/A N/A,33.116,BVAL
India Government Bond Coupon Strips,IGBCS,0,15-09-2042,AT MATURITY,IN,INR,BJ6242116,#N/A N/A,31.791,BVAL
India Government Bond Coupon Strips,IGBCS,0,15-03-2043,AT MATURITY,IN,INR,BJ6242686,#N/A N/A,30.533,BVAL
India Government Bond Coupon Strips,IGBCS,0,15-09-2043,AT MATURITY,IN,INR,BJ6243502,#N/A N/A,29.302,BVAL
India Government Bond Coupon Strips,IGBCS,0,15-03-2044,AT MATURITY,IN,INR,BJ6244302,#N/A N/A,28.124,BVAL
India Government Bond Coupon Strips,IGBCS,0,15-09-2044,AT MATURITY,IN,INR,BJ6244658,#N/A N/A,26.978,BVAL
India Government Bond Coupon Strips,IGBCS,0,15-03-2045,AT MATURITY,IN,INR,BJ6245283,#N/A N/A,25.886,BVAL
India Government Bond Coupon Strips,IGBCS,0,15-09-2045,AT MATURITY,IN,INR,BJ6246109,#N/A N/A,24.821,BVAL
India Government Bond Coupon Strips,IGBCS,0,15-03-2046,AT MATURITY,IN,INR,BJ6247792,#N/A N/A,23.81,BVAL
India Government Bond Coupon Strips,IGBCS,0,15-09-2046,AT MATURITY,IN,INR,BJ6249145,#N/A N/A,22.821,BVAL
India Government Bond Coupon Strips,IGBCS,0,20-09-2026,AT MATURITY,IN,INR,BK6926384,#N/A N/A,99.234,BVAL
India Government Bond Coupon Strips,IGBCS,0,20-03-2027,AT MATURITY,IN,INR,BK6926483,#N/A N/A,96.421,BVAL
India Government Bond Coupon Strips,IGBCS,0,20-09-2027,AT MATURITY,IN,INR,BK6926509,#N/A N/A,93.584,BVAL
India Government Bond Coupon Strips,IGBCS,0,20-03-2028,AT MATURITY,IN,INR,BK6926541,#N/A N/A,90.755,BVAL
India Government Bond Coupon Strips,IGBCS,0,20-09-2028,AT MATURITY,IN,INR,BK6926558,#N/A N/A,87.956,BVAL
India Government Bond Coupon Strips,IGBCS,0,20-03-2029,AT MATURITY,IN,INR,BK6926616,#N/A N/A,85.22,BVAL
India Government Bond Coupon Strips,IGBCS,0,20-09-2029,AT MATURITY,IN,INR,BK6927481,#N/A N/A,82.496,BVAL
India Government Bond Coupon Strips,IGBCS,0,20-03-2030,AT MATURITY,IN,INR,BK6928505,#N/A N/A,79.816,BVAL
India Government Bond Coupon Strips,IGBCS,0,20-09-2030,AT MATURITY,IN,INR,BK6929560,#N/A N/A,77.166,BVAL
India Government Bond Coupon Strips,IGBCS,0,20-03-2031,AT MATURITY,IN,INR,BK6931137,#N/A N/A,74.61,BVAL
India Government Bond Coupon Strips,IGBCS,0,20-09-2031,AT MATURITY,IN,INR,BK6932325,#N/A N/A,72.09,BVAL
India Government Bond Coupon Strips,IGBCS,0,20-03-2032,AT MATURITY,IN,INR,BK6933083,#N/A N/A,69.66,BVAL
India Government Bond Coupon Strips,IGBCS,0,20-09-2032,AT MATURITY,IN,INR,BK6933901,#N/A N/A,67.275,BVAL
India Government Bond Coupon Strips,IGBCS,0,20-03-2033,AT MATURITY,IN,INR,BK6935757,#N/A N/A,64.978,BVAL
India Government Bond Coupon Strips,IGBCS,0,20-09-2033,AT MATURITY,IN,INR,BK6936573,#N/A N/A,62.715,BVAL
India Government Bond Coupon Strips,IGBCS,0,20-03-2034,AT MATURITY,IN,INR,BK6937407,#N/A N/A,60.542,BVAL
India Government Bond Coupon Strips,IGBCS,0,20-09-2034,AT MATURITY,IN,INR,BK6938199,#N/A N/A,58.405,BVAL
India Government Bond Coupon Strips,IGBCS,0,20-03-2035,AT MATURITY,IN,INR,BK6939163,#N/A N/A,56.362,BVAL
India Government Bond Coupon Strips,IGBCS,0,20-09-2035,AT MATURITY,IN,INR,BK6940583,#N/A N/A,54.355,BVAL
India Government Bond Coupon Strips,IGBCS,0,20-03-2036,AT MATURITY,IN,INR,BK6997252,#N/A N/A,52.433,BVAL
India Government Bond Coupon Strips,IGBCS,0,20-09-2036,AT MATURITY,IN,INR,BK6997716,#N/A N/A,50.553,BVAL
India Government Bond Coupon Strips,IGBCS,0,20-03-2037,AT MATURITY,IN,INR,BK6998128,#N/A N/A,48.739,BVAL
India Government Bond Coupon Strips,IGBCS,0,20-09-2037,AT MATURITY,IN,INR,BK6998243,#N/A N/A,46.948,BVAL
India Government Bond Coupon Strips,IGBCS,0,20-03-2038,AT MATURITY,IN,INR,BK6998284,#N/A N/A,45.233,BVAL
India Government Bond Coupon Strips,IGBCS,0,20-09-2038,AT MATURITY,IN,INR,BK6998334,#N/A N/A,43.546,BVAL
India Government Bond Coupon Strips,IGBCS,0,20-03-2039,AT MATURITY,IN,INR,BK6998359,#N/A N/A,41.927,BVAL
India Government Bond Coupon Strips,IGBCS,0,20-09-2039,AT MATURITY,IN,INR,BK6998409,#N/A N/A,40.336,BVAL
India Government Bond Coupon Strips,IGBCS,0,20-03-2040,AT MATURITY,IN,INR,BK6998417,#N/A N/A,38.803,BVAL
India Government Bond Coupon Strips,IGBCS,0,20-09-2040,AT MATURITY,IN,INR,BK6998441,#N/A N/A,37.303,BVAL
India Government Bond Coupon Strips,IGBCS,0,20-03-2041,AT MATURITY,IN,INR,BK6998458,#N/A N/A,35.859,BVAL
India Government Bond Coupon Strips,IGBCS,0,20-09-2041,AT MATURITY,IN,INR,BK6998466,#N/A N/A,34.441,BVAL
India Government Bond Coupon Strips,IGBCS,0,20-03-2042,AT MATURITY,IN,INR,BK6998573,#N/A N/A,33.079,BVAL
India Government Bond Coupon Strips,IGBCS,0,20-09-2042,AT MATURITY,IN,INR,BK6998698,#N/A N/A,31.756,BVAL
India Government Bond Coupon Strips,IGBCS,0,20-03-2043,AT MATURITY,IN,INR,BK6998839,#N/A N/A,30.499,BVAL
India Government Bond Coupon Strips,IGBCS,0,20-09-2043,AT MATURITY,IN,INR,BK6999167,#N/A N/A,29.269,BVAL
India Government Bond Coupon Strips,IGBCS,0,20-03-2044,AT MATURITY,IN,INR,BK6999290,#N/A N/A,28.092,BVAL
India Government Bond Coupon Strips,IGBCS,0,20-09-2044,AT MATURITY,IN,INR,BK6999464,#N/A N/A,26.948,BVAL
India Government Bond Coupon Strips,IGBCS,0,20-03-2045,AT MATURITY,IN,INR,BK6999746,#N/A N/A,25.857,BVAL
India Government Bond Coupon Strips,IGBCS,0,20-09-2045,AT MATURITY,IN,INR,BK7000197,#N/A N/A,24.792,BVAL
India Government Bond Coupon Strips,IGBCS,0,20-03-2046,AT MATURITY,IN,INR,BK7000411,#N/A N/A,23.783,BVAL
India Government Bond Coupon Strips,IGBCS,0,20-09-2046,AT MATURITY,IN,INR,BK7000726,#N/A N/A,22.794,BVAL
India Government Bond Coupon Strips,IGBCS,0,20-03-2047,AT MATURITY,IN,INR,BK7001625,#N/A N/A,21.845,BVAL
India Government Bond Coupon Strips,IGBCS,0,20-09-2047,AT MATURITY,IN,INR,BK7002185,#N/A N/A,20.92,BVAL
India Government Bond Coupon Strips,IGBCS,0,20-03-2048,AT MATURITY,IN,INR,BK7002516,#N/A N/A,20.043,BVAL
India Government Bond Coupon Strips,IGBCS,0,20-09-2048,AT MATURITY,IN,INR,BK7002706,#N/A N/A,19.192,BVAL
India Government Bond Coupon Strips,IGBCS,0,20-03-2049,AT MATURITY,IN,INR,BK7003126,#N/A N/A,18.384,BVAL
India Government Bond Coupon Strips,IGBCS,0,20-09-2049,AT MATURITY,IN,INR,BK7003340,#N/A N/A,17.598,BVAL
India Government Bond Coupon Strips,IGBCS,0,20-03-2050,AT MATURITY,IN,INR,BK7003530,#N/A N/A,16.855,BVAL
India Government Bond Coupon Strips,IGBCS,0,20-09-2050,AT MATURITY,IN,INR,BK7003704,#N/A N/A,16.133,BVAL
India Government Bond Principal Strips,IGBPS,0,20-09-2050,AT MATURITY,IN,INR,BK7057767,#N/A N/A,16.133,BVAL
India Government Bond Coupon Strips,IGBCS,0,15-12-2046,AT MATURITY,IN,INR,BM1632553,#N/A N/A,22.338,BVAL
India Government Bond Coupon Strips,IGBCS,0,15-06-2046,AT MATURITY,IN,INR,BM1639731,#N/A N/A,23.314,BVAL
India Government Bond Coupon Strips,IGBCS,0,15-12-2045,AT MATURITY,IN,INR,BM1640358,#N/A N/A,24.307,BVAL
India Government Bond Coupon Strips,IGBCS,0,15-06-2045,AT MATURITY,IN,INR,BM1640960,#N/A N/A,25.349,BVAL
India Government Bond Coupon Strips,IGBCS,0,15-12-2044,AT MATURITY,IN,INR,BM1641653,#N/A N/A,26.423,BVAL
India Government Bond Coupon Strips,IGBCS,0,15-06-2044,AT MATURITY,IN,INR,BM1641901,#N/A N/A,27.547,BVAL
India Government Bond Coupon Strips,IGBCS,0,15-12-2043,AT MATURITY,IN,INR,BM1642164,#N/A N/A,28.707,BVAL
India Government Bond Coupon Strips,IGBCS,0,15-06-2043,AT MATURITY,IN,INR,BM1643238,#N/A N/A,29.913,BVAL
India Government Bond Coupon Strips,IGBCS,0,15-12-2042,AT MATURITY,IN,INR,BM1643808,#N/A N/A,31.152,BVAL
India Government Bond Coupon Strips,IGBCS,0,15-06-2042,AT MATURITY,IN,INR,BM1644251,NR,32.445,BVAL
India Government Bond Coupon Strips,IGBCS,0,15-12-2041,AT MATURITY,IN,INR,BM1644426,#N/A N/A,33.787,BVAL
India Government Bond Coupon Strips,IGBCS,0,15-06-2041,AT MATURITY,IN,INR,BM1644673,#N/A N/A,35.186,BVAL
India Government Bond Coupon Strips,IGBCS,0,15-12-2040,AT MATURITY,IN,INR,BM1644921,#N/A N/A,36.61,BVAL
India Government Bond Coupon Strips,IGBCS,0,15-06-2040,AT MATURITY,IN,INR,BM1645100,#N/A N/A,38.091,BVAL
India Government Bond Coupon Strips,IGBCS,0,15-12-2039,AT MATURITY,IN,INR,BM1645274,#N/A N/A,39.604,BVAL
India Government Bond Coupon Strips,IGBCS,0,15-06-2039,AT MATURITY,IN,INR,BM1646249,#N/A N/A,41.171,BVAL
India Government Bond Coupon Strips,IGBCS,0,15-12-2038,AT MATURITY,IN,INR,BM1646462,#N/A N/A,42.769,BVAL
India Government Bond Coupon Strips,IGBCS,0,15-06-2038,AT MATURITY,IN,INR,BM1646652,#N/A N/A,44.431,BVAL
India Government Bond Coupon Strips,IGBCS,0,15-12-2037,AT MATURITY,IN,INR,BM1646884,#N/A N/A,46.125,BVAL
India Government Bond Coupon Strips,IGBCS,0,15-06-2037,AT MATURITY,IN,INR,BM1647262,#N/A N/A,47.887,BVAL
India Government Bond Coupon Strips,IGBCS,0,15-12-2036,AT MATURITY,IN,INR,BM1649219,#N/A N/A,49.687,BVAL
India Government Bond Coupon Strips,IGBCS,0,15-06-2036,AT MATURITY,IN,INR,BM1649326,#N/A N/A,51.539,BVAL
India Government Bond Coupon Strips,IGBCS,0,15-12-2060,AT MATURITY,IN,INR,BM1746353,#N/A N/A,7.016,BVAL
India Government Bond Coupon Strips,IGBCS,0,15-06-2060,AT MATURITY,IN,INR,BM1746478,#N/A N/A,7.315,BVAL
India Government Bond Coupon Strips,IGBCS,0,15-12-2059,AT MATURITY,IN,INR,BM1746551,#N/A N/A,7.627,BVAL
India Government Bond Coupon Strips,IGBCS,0,15-06-2059,AT MATURITY,IN,INR,BM1746585,#N/A N/A,7.953,BVAL
India Government Bond Coupon Strips,IGBCS,0,15-12-2058,AT MATURITY,IN,INR,BM1746643,#N/A N/A,8.283,BVAL
India Government Bond Coupon Strips,IGBCS,0,15-06-2058,AT MATURITY,IN,INR,BM1746668,#N/A N/A,8.633,BVAL
India Government Bond Coupon Strips,IGBCS,0,15-12-2057,AT MATURITY,IN,INR,BM1761063,#N/A N/A,8.986,BVAL
India Government Bond Coupon Strips,IGBCS,0,15-06-2057,AT MATURITY,IN,INR,BM1761956,#N/A N/A,9.359,BVAL
India Government Bond Coupon Strips,IGBCS,0,15-12-2056,AT MATURITY,IN,INR,BM1763234,#N/A N/A,9.737,BVAL
India Government Bond Coupon Strips,IGBCS,0,15-06-2056,AT MATURITY,IN,INR,BM1764299,#N/A N/A,10.125,BVAL
India Government Bond Coupon Strips,IGBCS,0,15-12-2055,AT MATURITY,IN,INR,BM1766906,#N/A N/A,10.531,BVAL
India Government Bond Coupon Strips,IGBCS,0,15-06-2032,AT MATURITY,IN,INR,BM1767110,#N/A N/A,68.529,BVAL
India Government Bond Coupon Strips,IGBCS,0,15-06-2055,AT MATURITY,IN,INR,BM1767938,#N/A N/A,10.953,BVAL
India Government Bond Coupon Strips,IGBCS,0,15-12-2035,AT MATURITY,IN,INR,BM1768779,#N/A N/A,53.438,BVAL
India Government Bond Coupon Strips,IGBCS,0,15-06-2035,AT MATURITY,IN,INR,BM1770148,#N/A N/A,55.406,BVAL
India Government Bond Coupon Strips,IGBCS,0,15-12-2034,AT MATURITY,IN,INR,BM1770718,#N/A N/A,57.425,BVAL
India Government Bond Coupon Strips,IGBCS,0,15-06-2034,AT MATURITY,IN,INR,BM1778083,#N/A N/A,59.526,BVAL
India Government Bond Coupon Strips,IGBCS,0,15-12-2033,AT MATURITY,IN,INR,BM1778117,#N/A N/A,61.673,BVAL
India Government Bond Coupon Strips,IGBCS,0,15-06-2033,AT MATURITY,IN,INR,BM1778125,#N/A N/A,63.903,BVAL
India Government Bond Coupon Strips,IGBCS,0,15-12-2032,AT MATURITY,IN,INR,BM1778141,#N/A N/A,66.174,BVAL
India Government Bond Coupon Strips,IGBCS,0,15-12-2031,AT MATURITY,IN,INR,BM1795350,#N/A N/A,70.931,BVAL
India Government Bond Coupon Strips,IGBCS,0,15-12-2030,AT MATURITY,IN,INR,BM1799170,#N/A N/A,75.941,BVAL
India Government Bond Coupon Strips,IGBCS,0,15-12-2029,AT MATURITY,IN,INR,BM1801430,#N/A N/A,81.211,BVAL
India Government Bond Coupon Strips,IGBCS,0,15-06-2029,AT MATURITY,IN,INR,BM1801455,#N/A N/A,83.938,BVAL
India Government Bond Coupon Strips,IGBCS,0,15-12-2028,AT MATURITY,IN,INR,BM1801463,#N/A N/A,86.645,BVAL
India Government Bond Coupon Strips,IGBCS,0,15-06-2028,AT MATURITY,IN,INR,BM1801596,#N/A N/A,89.434,BVAL
India Government Bond Coupon Strips,IGBCS,0,15-12-2027,AT MATURITY,IN,INR,BM1802271,#N/A N/A,92.236,BVAL
India Government Bond Coupon Strips,IGBCS,0,15-12-2026,AT MATURITY,IN,INR,BM1802529,#N/A N/A,97.893,BVAL
India Government Bond Coupon Strips,IGBCS,0,15-12-2054,AT MATURITY,IN,INR,BM1807254,#N/A N/A,11.385,BVAL
India Government Bond Coupon Strips,IGBCS,0,15-06-2054,AT MATURITY,IN,INR,BM1807288,#N/A N/A,11.838,BVAL
India Government Bond Coupon Strips,IGBCS,0,15-12-2053,AT MATURITY,IN,INR,BM1807387,#N/A N/A,12.306,BVAL
India Government Bond Coupon Strips,IGBCS,0,15-06-2053,AT MATURITY,IN,INR,BM1807411,#N/A N/A,12.802,BVAL
India Government Bond Coupon Strips,IGBCS,0,15-12-2052,AT MATURITY,IN,INR,BM1807536,#N/A N/A,13.33,BVAL
India Government Bond Coupon Strips,IGBCS,0,15-06-2052,AT MATURITY,IN,INR,BM1807734,#N/A N/A,13.892,BVAL
India Government Bond Coupon Strips,IGBCS,0,15-12-2051,AT MATURITY,IN,INR,BM1807940,#N/A N/A,14.5,BVAL
India Government Bond Coupon Strips,IGBCS,0,15-06-2051,AT MATURITY,IN,INR,BM1808187,#N/A N/A,15.137,BVAL
India Government Bond Coupon Strips,IGBCS,0,15-12-2050,AT MATURITY,IN,INR,BM1808385,#N/A N/A,15.806,BVAL
India Government Bond Coupon Strips,IGBCS,0,15-06-2050,AT MATURITY,IN,INR,BM1808765,#N/A N/A,16.51,BVAL
India Government Bond Coupon Strips,IGBCS,0,15-12-2049,AT MATURITY,IN,INR,BM1810993,#N/A N/A,17.241,BVAL
India Government Bond Coupon Strips,IGBCS,0,15-06-2049,AT MATURITY,IN,INR,BM1811215,#N/A N/A,18.009,BVAL
India Government Bond Coupon Strips,IGBCS,0,15-12-2048,AT MATURITY,IN,INR,BM1811454,#N/A N/A,18.804,BVAL
India Government Bond Coupon Strips,IGBCS,0,15-06-2048,AT MATURITY,IN,INR,BM1845445,#N/A N/A,19.637,BVAL
India Government Bond Coupon Strips,IGBCS,0,15-12-2047,AT MATURITY,IN,INR,BM1845643,#N/A N/A,20.5,BVAL
India Government Bond Coupon Strips,IGBCS,0,15-06-2047,AT MATURITY,IN,INR,BM1845841,#N/A N/A,21.403,BVAL
India Government Bond Principal Strips,IGBPS,0,15-12-2060,AT MATURITY,IN,INR,BM1847219,#N/A N/A,7.016,BVAL
India Government Bond Coupon Strips,IGBCS,0,12-06-2035,AT MATURITY,IN,INR,BN3646690,#N/A N/A,55.439,BVAL
India Government Bond Coupon Strips,IGBCS,0,12-12-2035,AT MATURITY,IN,INR,BN3647367,#N/A N/A,53.47,BVAL
India Government Bond Coupon Strips,IGBCS,0,12-12-2031,AT MATURITY,IN,INR,BN3647771,#N/A N/A,69.2693,NDSI
India Government Bond Coupon Strips,IGBCS,0,12-06-2036,AT MATURITY,IN,INR,BN3647821,#N/A N/A,51.57,BVAL
India Government Bond Coupon Strips,IGBCS,0,12-06-2032,AT MATURITY,IN,INR,BN3648241,#N/A N/A,68.567,BVAL
India Government Bond Coupon Strips,IGBCS,0,12-12-2036,AT MATURITY,IN,INR,BN3648548,#N/A N/A,49.717,BVAL
India Government Bond Coupon Strips,IGBCS,0,12-06-2033,AT MATURITY,IN,INR,BN3648902,#N/A N/A,63.94,BVAL
India Government Bond Coupon Strips,IGBCS,0,12-12-2033,AT MATURITY,IN,INR,BN3649264,#N/A N/A,61.709,BVAL
India Government Bond Coupon Strips,IGBCS,0,12-06-2037,AT MATURITY,IN,INR,BN3649298,#N/A N/A,47.916,BVAL
India Government Bond Coupon Strips,IGBCS,0,12-06-2034,AT MATURITY,IN,INR,BN3649405,#N/A N/A,59.56,BVAL
India Government Bond Coupon Strips,IGBCS,0,12-12-2037,AT MATURITY,IN,INR,BN3649637,#N/A N/A,46.153,BVAL
India Government Bond Coupon Strips,IGBCS,0,12-12-2034,AT MATURITY,IN,INR,BN3649678,#N/A N/A,57.459,BVAL
India Government Bond Coupon Strips,IGBCS,0,12-06-2038,AT MATURITY,IN,INR,BN3649843,#N/A N/A,44.458,BVAL
India Government Bond Coupon Strips,IGBCS,0,12-12-2038,AT MATURITY,IN,INR,BN3651229,#N/A N/A,42.796,BVAL
India Government Bond Coupon Strips,IGBCS,0,12-06-2039,AT MATURITY,IN,INR,BN3651328,#N/A N/A,41.197,BVAL
India Government Bond Coupon Strips,IGBCS,0,12-12-2039,AT MATURITY,IN,INR,BN3651344,#N/A N/A,39.63,BVAL
India Government Bond Coupon Strips,IGBCS,0,12-06-2040,AT MATURITY,IN,INR,BN3651377,#N/A N/A,38.116,BVAL
India Government Bond Coupon Strips,IGBCS,0,12-12-2040,AT MATURITY,IN,INR,BN3651401,#N/A N/A,36.634,BVAL
India Government Bond Coupon Strips,IGBCS,0,12-06-2041,AT MATURITY,IN,INR,BN3651443,#N/A N/A,35.209,BVAL
India Government Bond Coupon Strips,IGBCS,0,12-12-2041,AT MATURITY,IN,INR,BN3651492,#N/A N/A,33.809,BVAL
India Government Bond Coupon Strips,IGBCS,0,23-12-2035,AT MATURITY,IN,INR,BQ0600065,#N/A N/A,53.354,BVAL
India Government Bond Coupon Strips,IGBCS,0,23-06-2035,AT MATURITY,IN,INR,BQ0606062,#N/A N/A,55.319,BVAL
India Government Bond Coupon Strips,IGBCS,0,23-12-2034,AT MATURITY,IN,INR,BQ0606070,#N/A N/A,57.335,BVAL
India Government Bond Coupon Strips,IGBCS,0,23-06-2034,AT MATURITY,IN,INR,BQ0606104,#N/A N/A,59.433,BVAL
India Government Bond Coupon Strips,IGBCS,0,23-12-2033,AT MATURITY,IN,INR,BQ0606153,#N/A N/A,61.577,BVAL
India Government Bond Coupon Strips,IGBCS,0,23-06-2033,AT MATURITY,IN,INR,BQ0608902,#N/A N/A,63.805,BVAL
India Government Bond Coupon Strips,IGBCS,0,23-12-2032,AT MATURITY,IN,INR,BQ0621210,#N/A N/A,66.072,BVAL
India Government Bond Coupon Strips,IGBCS,0,23-06-2032,AT MATURITY,IN,INR,BQ0621657,#N/A N/A,68.425,BVAL
India Government Bond Coupon Strips,IGBCS,0,23-12-2031,AT MATURITY,IN,INR,BQ0622747,#N/A N/A,70.824,BVAL
India Government Bond Coupon Strips,IGBCS,0,23-06-2031,AT MATURITY,IN,INR,BQ0622788,#N/A N/A,73.303,BVAL
India Government Bond Coupon Strips,IGBCS,0,23-12-2030,AT MATURITY,IN,INR,BQ0626524,#N/A N/A,75.828,BVAL
India Government Bond Coupon Strips,IGBCS,0,23-06-2030,AT MATURITY,IN,INR,BQ0627233,#N/A N/A,78.445,BVAL
India Government Bond Coupon Strips,IGBCS,0,23-12-2029,AT MATURITY,IN,INR,BQ0627597,#N/A N/A,81.093,BVAL
India Government Bond Coupon Strips,IGBCS,0,23-12-2026,AT MATURITY,IN,INR,BQ0628488,#N/A N/A,97.77,BVAL
India Government Bond Coupon Strips,IGBCS,0,12-12-2029,AT MATURITY,IN,INR,BQ0629510,#N/A N/A,81.256,BVAL
India Government Bond Coupon Strips,IGBCS,0,23-12-2043,AT MATURITY,IN,INR,BQ0665118,#N/A N/A,28.655,BVAL
India Government Bond Coupon Strips,IGBCS,0,23-06-2043,AT MATURITY,IN,INR,BQ0665209,#N/A N/A,29.86,BVAL
India Government Bond Coupon Strips,IGBCS,0,23-06-2036,AT MATURITY,IN,INR,BQ0665282,#N/A N/A,51.458,BVAL
India Government Bond Coupon Strips,IGBCS,0,23-12-2036,AT MATURITY,IN,INR,BQ0665381,#N/A N/A,49.606,BVAL
India Government Bond Coupon Strips,IGBCS,0,23-06-2037,AT MATURITY,IN,INR,BQ0665449,#N/A N/A,47.81,BVAL
India Government Bond Coupon Strips,IGBCS,0,23-12-2037,AT MATURITY,IN,INR,BQ0665480,#N/A N/A,46.049,BVAL
India Government Bond Coupon Strips,IGBCS,0,23-06-2038,AT MATURITY,IN,INR,BQ0665522,#N/A N/A,44.358,BVAL
India Government Bond Coupon Strips,IGBCS,0,23-12-2038,AT MATURITY,IN,INR,BQ0665563,#N/A N/A,42.697,BVAL
India Government Bond Coupon Strips,IGBCS,0,23-06-2039,AT MATURITY,IN,INR,BQ0665621,#N/A N/A,41.102,BVAL
India Government Bond Coupon Strips,IGBCS,0,23-12-2039,AT MATURITY,IN,INR,BQ0665647,#N/A N/A,39.537,BVAL
India Government Bond Coupon Strips,IGBCS,0,23-06-2040,AT MATURITY,IN,INR,BQ0665746,#N/A N/A,38.027,BVAL
India Government Bond Coupon Strips,IGBCS,0,23-12-2040,AT MATURITY,IN,INR,BQ0667536,#N/A N/A,36.546,BVAL
India Government Bond Coupon Strips,IGBCS,0,23-06-2041,AT MATURITY,IN,INR,BQ0670647,#N/A N/A,35.124,BVAL
India Government Bond Coupon Strips,IGBCS,0,23-12-2041,AT MATURITY,IN,INR,BQ0670688,#N/A N/A,33.727,BVAL
India Government Bond Coupon Strips,IGBCS,0,23-06-2042,AT MATURITY,IN,INR,BQ0670738,#N/A N/A,32.388,BVAL
India Government Bond Coupon Strips,IGBCS,0,23-12-2042,AT MATURITY,IN,INR,BQ0670761,#N/A N/A,31.096,BVAL
India Government Bond Coupon Strips,IGBCS,0,22-08-2046,AT MATURITY,IN,INR,BQ2970532,#N/A N/A,22.95,BVAL
India Government Bond Coupon Strips,IGBCS,0,22-02-2047,AT MATURITY,IN,INR,BQ2971050,#N/A N/A,21.978,BVAL
India Government Bond Coupon Strips,IGBCS,0,22-08-2047,AT MATURITY,IN,INR,BQ2971209,#N/A N/A,21.063,BVAL
India Government Bond Coupon Strips,IGBCS,0,22-02-2048,AT MATURITY,IN,INR,BQ2972124,#N/A N/A,20.17,BVAL
India Government Bond Coupon Strips,IGBCS,0,22-08-2048,AT MATURITY,IN,INR,BQ2972686,#N/A N/A,19.324,BVAL
India Government Bond Coupon Strips,IGBCS,0,22-02-2049,AT MATURITY,IN,INR,BQ2973684,#N/A N/A,18.498,BVAL
India Government Bond Coupon Strips,IGBCS,0,22-08-2049,AT MATURITY,IN,INR,BQ2974831,#N/A N/A,17.721,BVAL
India Government Bond Coupon Strips,IGBCS,0,22-02-2050,AT MATURITY,IN,INR,BQ2976422,#N/A N/A,16.96,BVAL
India Government Bond Coupon Strips,IGBCS,0,22-08-2050,AT MATURITY,IN,INR,BQ2976695,#N/A N/A,16.245,BVAL
India Government Bond Coupon Strips,IGBCS,0,22-02-2051,AT MATURITY,IN,INR,BQ2976794,#N/A N/A,15.549,BVAL
India Government Bond Coupon Strips,IGBCS,0,22-08-2051,AT MATURITY,IN,INR,BQ2977180,#N/A N/A,14.896,BVAL
India Government Bond Coupon Strips,IGBCS,0,22-02-2052,AT MATURITY,IN,INR,BQ2977297,#N/A N/A,14.268,BVAL
India Government Bond Coupon Strips,IGBCS,0,22-08-2052,AT MATURITY,IN,INR,BQ2977412,#N/A N/A,13.676,BVAL
India Government Bond Coupon Strips,IGBCS,0,22-02-2053,AT MATURITY,IN,INR,BQ2977701,#N/A N/A,13.127,BVAL
India Government Bond Coupon Strips,IGBCS,0,22-08-2053,AT MATURITY,IN,INR,BQ2978493,#N/A N/A,12.612,BVAL
India Government Bond Coupon Strips,IGBCS,0,22-02-2054,AT MATURITY,IN,INR,BQ2978816,#N/A N/A,12.126,BVAL
India Government Bond Coupon Strips,IGBCS,0,22-08-2054,AT MATURITY,IN,INR,BQ2979350,#N/A N/A,11.667,BVAL
India Government Bond Coupon Strips,IGBCS,0,22-02-2055,AT MATURITY,IN,INR,BQ2979533,#N/A N/A,11.219,BVAL
India Government Bond Coupon Strips,IGBCS,0,22-08-2055,AT MATURITY,IN,INR,BQ2979616,#N/A N/A,10.795,BVAL
India Government Bond Coupon Strips,IGBCS,0,22-02-2056,AT MATURITY,IN,INR,BQ2979749,#N/A N/A,10.376,BVAL
India Government Bond Coupon Strips,IGBCS,0,22-08-2056,AT MATURITY,IN,INR,BQ2980119,#N/A N/A,9.977,BVAL
India Government Bond Coupon Strips,IGBCS,0,22-02-2057,AT MATURITY,IN,INR,BQ2980226,#N/A N/A,9.591,BVAL
India Government Bond Coupon Strips,IGBCS,0,22-08-2057,AT MATURITY,IN,INR,BQ2980291,#N/A N/A,9.221,BVAL
India Government Bond Coupon Strips,IGBCS,0,22-02-2058,AT MATURITY,IN,INR,BQ2980408,#N/A N/A,8.849,BVAL
India Government Bond Coupon Strips,IGBCS,0,22-08-2058,AT MATURITY,IN,INR,BQ2980465,#N/A N/A,8.503,BVAL
India Government Bond Coupon Strips,IGBCS,0,22-02-2059,AT MATURITY,IN,INR,BQ2980556,#N/A N/A,8.155,BVAL
India Government Bond Coupon Strips,IGBCS,0,22-08-2059,AT MATURITY,IN,INR,BQ2980630,#N/A N/A,7.832,BVAL
India Government Bond Coupon Strips,IGBCS,0,22-02-2027,AT MATURITY,IN,INR,BQ2980655,#N/A N/A,96.857,BVAL
India Government Bond Coupon Strips,IGBCS,0,22-08-2027,AT MATURITY,IN,INR,BQ2980663,#N/A N/A,94.043,BVAL
India Government Bond Coupon Strips,IGBCS,0,22-02-2060,AT MATURITY,IN,INR,BQ2980689,#N/A N/A,7.507,BVAL
India Government Bond Coupon Strips,IGBCS,0,22-02-2028,AT MATURITY,IN,INR,BQ2980697,#N/A N/A,91.169,BVAL
India Government Bond Coupon Strips,IGBCS,0,22-08-2060,AT MATURITY,IN,INR,BQ2980713,#N/A N/A,7.207,BVAL
India Government Bond Coupon Strips,IGBCS,0,22-02-2061,AT MATURITY,IN,INR,BQ2980721,#N/A N/A,6.905,BVAL
India Government Bond Coupon Strips,IGBCS,0,22-08-2028,AT MATURITY,IN,INR,BQ2980754,#N/A N/A,88.402,BVAL
India Government Bond Principal Strips,IGBPS,0,22-02-2061,AT MATURITY,IN,INR,BQ2980770,#N/A N/A,6.905,BVAL
India Government Bond Coupon Strips,IGBCS,0,22-02-2029,AT MATURITY,IN,INR,BQ2980788,#N/A N/A,85.608,BVAL
India Government Bond Coupon Strips,IGBCS,0,22-08-2029,AT MATURITY,IN,INR,BQ2980929,#N/A N/A,82.933,BVAL
India Government Bond Coupon Strips,IGBCS,0,22-08-2030,AT MATURITY,IN,INR,BQ2983709,#N/A N/A,77.584,BVAL
India Government Bond Coupon Strips,IGBCS,0,22-02-2031,AT MATURITY,IN,INR,BQ2984814,#N/A N/A,74.972,BVAL
India Government Bond Coupon Strips,IGBCS,0,22-08-2032,AT MATURITY,IN,INR,BQ2985977,#N/A N/A,67.651,BVAL
India Government Bond Coupon Strips,IGBCS,0,22-02-2033,AT MATURITY,IN,INR,BQ2986439,#N/A N/A,65.303,BVAL
India Government Bond Coupon Strips,IGBCS,0,22-08-2033,AT MATURITY,IN,INR,BQ2986892,#N/A N/A,63.07,BVAL
India Government Bond Coupon Strips,IGBCS,0,22-02-2034,AT MATURITY,IN,INR,BQ2987015,#N/A N/A,60.849,BVAL
India Government Bond Coupon Strips,IGBCS,0,22-08-2034,AT MATURITY,IN,INR,BQ2987072,#N/A N/A,58.74,BVAL
India Government Bond Coupon Strips,IGBCS,0,22-02-2035,AT MATURITY,IN,INR,BQ2987106,#N/A N/A,56.651,BVAL
India Government Bond Coupon Strips,IGBCS,0,22-08-2035,AT MATURITY,IN,INR,BQ2987171,#N/A N/A,54.668,BVAL
India Government Bond Coupon Strips,IGBCS,0,22-02-2036,AT MATURITY,IN,INR,BQ2987205,#N/A N/A,52.714,BVAL
India Government Bond Coupon Strips,IGBCS,0,22-08-2036,AT MATURITY,IN,INR,BQ2987346,#N/A N/A,50.848,BVAL
India Government Bond Coupon Strips,IGBCS,0,22-02-2037,AT MATURITY,IN,INR,BQ2987502,#N/A N/A,48.997,BVAL
India Government Bond Coupon Strips,IGBCS,0,22-08-2037,AT MATURITY,IN,INR,BQ2987734,#N/A N/A,47.229,BVAL
India Government Bond Coupon Strips,IGBCS,0,22-02-2038,AT MATURITY,IN,INR,BQ2987965,#N/A N/A,45.475,BVAL
India Government Bond Coupon Strips,IGBCS,0,22-08-2038,AT MATURITY,IN,INR,BQ2988138,#N/A N/A,43.811,BVAL
India Government Bond Coupon Strips,IGBCS,0,22-02-2039,AT MATURITY,IN,INR,BQ2988443,#N/A N/A,42.156,BVAL
India Government Bond Coupon Strips,IGBCS,0,22-08-2039,AT MATURITY,IN,INR,BQ2988583,#N/A N/A,40.586,BVAL
India Government Bond Coupon Strips,IGBCS,0,22-02-2040,AT MATURITY,IN,INR,BQ2988633,#N/A N/A,39.027,BVAL
India Government Bond Coupon Strips,IGBCS,0,22-08-2040,AT MATURITY,IN,INR,BQ2988849,#N/A N/A,37.54,BVAL
India Government Bond Coupon Strips,IGBCS,0,22-02-2041,AT MATURITY,IN,INR,BQ2989060,#N/A N/A,36.063,BVAL
India Government Bond Coupon Strips,IGBCS,0,22-08-2041,AT MATURITY,IN,INR,BQ2989227,#N/A N/A,34.664,BVAL
India Government Bond Coupon Strips,IGBCS,0,22-02-2042,AT MATURITY,IN,INR,BQ2989615,#N/A N/A,33.271,BVAL
India Government Bond Coupon Strips,IGBCS,0,22-08-2042,AT MATURITY,IN,INR,BQ2989979,#N/A N/A,31.962,BVAL
India Government Bond Coupon Strips,IGBCS,0,22-02-2043,AT MATURITY,IN,INR,BQ2990183,#N/A N/A,30.676,BVAL
India Government Bond Coupon Strips,IGBCS,0,22-08-2043,AT MATURITY,IN,INR,BQ2990795,#N/A N/A,29.462,BVAL
India Government Bond Coupon Strips,IGBCS,0,22-02-2044,AT MATURITY,IN,INR,BQ2991116,#N/A N/A,28.264,BVAL
India Government Bond Coupon Strips,IGBCS,0,22-08-2044,AT MATURITY,IN,INR,BQ2991496,#N/A N/A,27.127,BVAL
India Government Bond Coupon Strips,IGBCS,0,22-02-2045,AT MATURITY,IN,INR,BQ2991884,#N/A N/A,26.011,BVAL
India Government Bond Coupon Strips,IGBCS,0,22-08-2045,AT MATURITY,IN,INR,BQ2992163,#N/A N/A,24.958,BVAL
India Government Bond Coupon Strips,IGBCS,0,22-02-2046,AT MATURITY,IN,INR,BQ2992445,#N/A N/A,23.925,BVAL
India Government Bond Coupon Strips,IGBCS,0,23-06-2028,AT MATURITY,IN,INR,BQ5894663,#N/A N/A,89.314,BVAL
India Government Bond Coupon Strips,IGBCS,0,23-06-2027,AT MATURITY,IN,INR,BQ5894879,#N/A N/A,94.973,BVAL
India Government Bond Coupon Strips,IGBCS,0,23-12-2027,AT MATURITY,IN,INR,BQ5894929,#N/A N/A,92.112,BVAL
India Government Bond Coupon Strips,IGBCS,0,23-12-2028,AT MATURITY,IN,INR,BQ5894952,#N/A N/A,86.524,BVAL
India Government Bond Coupon Strips,IGBCS,0,12-06-2027,AT MATURITY,IN,INR,BQ5895066,#N/A N/A,95.145,BVAL
India Government Bond Coupon Strips,IGBCS,0,12-12-2026,AT MATURITY,IN,INR,BQ5895447,#N/A N/A,97.939,BVAL
India Government Bond Coupon Strips,IGBCS,0,12-12-2027,AT MATURITY,IN,INR,BQ5895496,#N/A N/A,92.283,BVAL
India Government Bond Coupon Strips,IGBCS,0,16-06-2027,AT MATURITY,IN,INR,BY1918360,#N/A N/A,95.083,BVAL
India Government Bond Coupon Strips,IGBCS,0,16-12-2026,AT MATURITY,IN,INR,BY2164766,#N/A N/A,97.878,BVAL
India Government Bond Coupon Strips,IGBCS,0,16-06-2028,AT MATURITY,IN,INR,BY2716912,#N/A N/A,89.419,BVAL
India Government Bond Coupon Strips,IGBCS,0,16-12-2047,AT MATURITY,IN,INR,BY3990581,#N/A N/A,20.496,BVAL
India Government Bond Coupon Strips,IGBCS,0,16-06-2030,AT MATURITY,IN,INR,BY3991290,#N/A N/A,78.545,BVAL
India Government Bond Coupon Strips,IGBCS,0,16-06-2048,AT MATURITY,IN,INR,BY3995713,#N/A N/A,19.632,BVAL
India Government Bond Coupon Strips,IGBCS,0,16-12-2030,AT MATURITY,IN,INR,BY3997917,#N/A N/A,75.927,BVAL
India Government Bond Coupon Strips,IGBCS,0,16-12-2048,AT MATURITY,IN,INR,BY3999137,#N/A N/A,18.799,BVAL
India Government Bond Coupon Strips,IGBCS,0,16-06-2049,AT MATURITY,IN,INR,BY4001099,#N/A N/A,18.005,BVAL
India Government Bond Coupon Strips,IGBCS,0,16-12-2031,AT MATURITY,IN,INR,BY4001420,#N/A N/A,70.918,BVAL
India Government Bond Coupon Strips,IGBCS,0,16-12-2049,AT MATURITY,IN,INR,BY4003079,#N/A N/A,17.237,BVAL
India Government Bond Coupon Strips,IGBCS,0,16-12-2032,AT MATURITY,IN,INR,BY4003293,#N/A N/A,66.161,BVAL
India Government Bond Coupon Strips,IGBCS,0,16-06-2050,AT MATURITY,IN,INR,BY4003509,#N/A N/A,16.506,BVAL
India Government Bond Coupon Strips,IGBCS,0,16-06-2033,AT MATURITY,IN,INR,BY4003764,#N/A N/A,63.891,BVAL
India Government Bond Coupon Strips,IGBCS,0,16-12-2050,AT MATURITY,IN,INR,BY4004028,#N/A N/A,15.802,BVAL
India Government Bond Coupon Strips,IGBCS,0,16-12-2033,AT MATURITY,IN,INR,BY4004242,#N/A N/A,61.661,BVAL
India Government Bond Coupon Strips,IGBCS,0,16-06-2051,AT MATURITY,IN,INR,BY4004713,#N/A N/A,15.134,BVAL
India Government Bond Coupon Strips,IGBCS,0,16-06-2034,AT MATURITY,IN,INR,BY4004804,#N/A N/A,59.514,BVAL
India Government Bond Coupon Strips,IGBCS,0,16-12-2034,AT MATURITY,IN,INR,BY4005116,#N/A N/A,57.414,BVAL
India Government Bond Coupon Strips,IGBCS,0,16-12-2051,AT MATURITY,IN,INR,BY4005215,#N/A N/A,14.496,BVAL
India Government Bond Coupon Strips,IGBCS,0,16-06-2052,AT MATURITY,IN,INR,BY4006460,#N/A N/A,13.889,BVAL
India Government Bond Coupon Strips,IGBCS,0,16-06-2035,AT MATURITY,IN,INR,BY4007369,#N/A N/A,55.395,BVAL
India Government Bond Coupon Strips,IGBCS,0,16-12-2035,AT MATURITY,IN,INR,BY4009498,#N/A N/A,53.428,BVAL
India Government Bond Coupon Strips,IGBCS,0,16-12-2052,AT MATURITY,IN,INR,BY4014860,#N/A N/A,13.328,BVAL
India Government Bond Coupon Strips,IGBCS,0,16-06-2036,AT MATURITY,IN,INR,BY4016725,#N/A N/A,51.529,BVAL
India Government Bond Coupon Strips,IGBCS,0,16-06-2053,AT MATURITY,IN,INR,BY4017129,#N/A N/A,12.799,BVAL
India Government Bond Coupon Strips,IGBCS,0,16-12-2036,AT MATURITY,IN,INR,BY4018614,#N/A N/A,49.677,BVAL
India Government Bond Coupon Strips,IGBCS,0,16-06-2037,AT MATURITY,IN,INR,BY4020164,#N/A N/A,47.878,BVAL
India Government Bond Coupon Strips,IGBCS,0,16-12-2037,AT MATURITY,IN,INR,BY4021360,#N/A N/A,46.115,BVAL
India Government Bond Coupon Strips,IGBCS,0,16-12-2053,AT MATURITY,IN,INR,BY4021634,#N/A N/A,12.303,BVAL
India Government Bond Coupon Strips,IGBCS,0,16-06-2038,AT MATURITY,IN,INR,BY4023101,#N/A N/A,44.422,BVAL
India Government Bond Coupon Strips,IGBCS,0,16-12-2038,AT MATURITY,IN,INR,BY4024331,#N/A N/A,42.76,BVAL
India Government Bond Coupon Strips,IGBCS,0,16-06-2039,AT MATURITY,IN,INR,BY4025320,#N/A N/A,41.162,BVAL
India Government Bond Coupon Strips,IGBCS,0,16-06-2054,AT MATURITY,IN,INR,BY4025536,#N/A N/A,11.835,BVAL
India Government Bond Coupon Strips,IGBCS,0,16-12-2039,AT MATURITY,IN,INR,BY4026484,#N/A N/A,39.596,BVAL
India Government Bond Coupon Strips,IGBCS,0,16-06-2040,AT MATURITY,IN,INR,BY4027508,#N/A N/A,38.083,BVAL
India Government Bond Coupon Strips,IGBCS,0,16-12-2054,AT MATURITY,IN,INR,BY4027896,#N/A N/A,11.382,BVAL
India Government Bond Coupon Strips,IGBCS,0,16-12-2040,AT MATURITY,IN,INR,BY4028605,#N/A N/A,36.602,BVAL
India Government Bond Coupon Strips,IGBCS,0,16-06-2055,AT MATURITY,IN,INR,BY4029678,#N/A N/A,10.95,BVAL
India Government Bond Coupon Strips,IGBCS,0,16-06-2041,AT MATURITY,IN,INR,BY4029975,#N/A N/A,35.178,BVAL
India Government Bond Coupon Strips,IGBCS,0,16-12-2055,AT MATURITY,IN,INR,BY4031229,#N/A N/A,10.529,BVAL
India Government Bond Coupon Strips,IGBCS,0,16-12-2041,AT MATURITY,IN,INR,BY4031716,#N/A N/A,33.779,BVAL
India Government Bond Coupon Strips,IGBCS,0,16-06-2056,AT MATURITY,IN,INR,BY4033225,#N/A N/A,10.123,BVAL
India Government Bond Coupon Strips,IGBCS,0,16-06-2042,AT MATURITY,IN,INR,BY4033654,#N/A N/A,32.438,BVAL
India Government Bond Coupon Strips,IGBCS,0,16-12-2056,AT MATURITY,IN,INR,BY4035964,#N/A N/A,9.735,BVAL
India Government Bond Coupon Strips,IGBCS,0,16-12-2042,AT MATURITY,IN,INR,BY4035972,#N/A N/A,31.145,BVAL
India Government Bond Coupon Strips,IGBCS,0,16-06-2057,AT MATURITY,IN,INR,BY4037812,#N/A N/A,9.354,BVAL
India Government Bond Coupon Strips,IGBCS,0,16-06-2043,AT MATURITY,IN,INR,BY4038562,#N/A N/A,29.907,BVAL
India Government Bond Coupon Strips,IGBCS,0,16-12-2043,AT MATURITY,IN,INR,BY4040998,#N/A N/A,28.7,BVAL
India Government Bond Coupon Strips,IGBCS,0,16-12-2057,AT MATURITY,IN,INR,BY4041681,#N/A N/A,8.984,BVAL
India Government Bond Coupon Strips,IGBCS,0,16-06-2044,AT MATURITY,IN,INR,BY4042507,#N/A N/A,27.541,BVAL
India Government Bond Coupon Strips,IGBCS,0,16-06-2058,AT MATURITY,IN,INR,BY4042705,#N/A N/A,8.628,BVAL
India Government Bond Coupon Strips,IGBCS,0,16-12-2044,AT MATURITY,IN,INR,BY4042903,#N/A N/A,26.417,BVAL
India Government Bond Coupon Strips,IGBCS,0,16-12-2058,AT MATURITY,IN,INR,BY4043885,#N/A N/A,8.281,BVAL
India Government Bond Principal Strips,IGBPS,0,16-12-2061,AT MATURITY,IN,INR,BY4044156,#N/A N/A,6.451,BVAL
India Government Bond Coupon Strips,IGBCS,0,16-06-2059,AT MATURITY,IN,INR,BY4045443,#N/A N/A,7.948,BVAL
India Government Bond Coupon Strips,IGBCS,0,16-12-2059,AT MATURITY,IN,INR,BY4047415,#N/A N/A,7.625,BVAL
India Government Bond Coupon Strips,IGBCS,0,16-06-2060,AT MATURITY,IN,INR,BY4049643,#N/A N/A,7.314,BVAL
India Government Bond Coupon Strips,IGBCS,0,16-12-2060,AT MATURITY,IN,INR,BY4051664,#N/A N/A,7.014,BVAL
India Government Bond Coupon Strips,IGBCS,0,16-06-2061,AT MATURITY,IN,INR,BY4053421,#N/A N/A,6.727,BVAL
India Government Bond Coupon Strips,IGBCS,0,16-12-2061,AT MATURITY,IN,INR,BY4055327,#N/A N/A,6.451,BVAL
India Government Bond Coupon Strips,IGBCS,0,16-06-2045,AT MATURITY,IN,INR,BY4056424,#N/A N/A,25.344,BVAL
India Government Bond Coupon Strips,IGBCS,0,16-12-2045,AT MATURITY,IN,INR,BY4057919,#N/A N/A,24.302,BVAL
India Government Bond Coupon Strips,IGBCS,0,16-06-2046,AT MATURITY,IN,INR,BY4058917,#N/A N/A,23.308,BVAL
India Government Bond Coupon Strips,IGBCS,0,16-12-2046,AT MATURITY,IN,INR,BY4059691,#N/A N/A,22.332,BVAL
India Government Bond Coupon Strips,IGBCS,0,16-06-2047,AT MATURITY,IN,INR,BY4060509,#N/A N/A,21.398,BVAL
India Government Bond Coupon Strips,IGBCS,0,16-12-2029,AT MATURITY,IN,INR,BY5021906,#N/A N/A,81.196,BVAL
India Government Bond Coupon Strips,IGBCS,0,16-12-2028,AT MATURITY,IN,INR,BY5023563,#N/A N/A,86.63,BVAL
India Government Bond Principal Strips,IGBPS,0,15-12-2051,AT MATURITY,IN,INR,BZ3619682,#N/A N/A,14.5,BVAL
India Government Bond Coupon Strips,IGBCS,0,12-09-2027,AT MATURITY,IN,INR,BZ4096088,#N/A N/A,93.711,BVAL
India Government Bond Coupon Strips,IGBCS,0,12-09-2026,AT MATURITY,IN,INR,BZ4147329,#N/A N/A,99.361,BVAL
India Government Bond Coupon Strips,IGBCS,0,18-05-2032,AT MATURITY,IN,INR,DM0910685,#N/A N/A,68.891,BVAL
India Government Bond Coupon Strips,IGBCS,0,18-11-2026,AT MATURITY,IN,INR,DM1009552,#N/A N/A,98.31,BVAL
India Government Bond Coupon Strips,IGBCS,0,18-05-2027,AT MATURITY,IN,INR,DM1009560,#N/A N/A,95.521,BVAL
India Government Bond Coupon Strips,IGBCS,0,18-11-2027,AT MATURITY,IN,INR,DM1009586,#N/A N/A,92.657,BVAL
India Government Bond Coupon Strips,IGBCS,0,18-05-2028,AT MATURITY,IN,INR,DM1009594,#N/A N/A,89.857,BVAL
India Government Bond Coupon Strips,IGBCS,0,18-11-2028,AT MATURITY,IN,INR,DM1009602,#N/A N/A,87.054,BVAL
India Government Bond Coupon Strips,IGBCS,0,18-05-2029,AT MATURITY,IN,INR,DM1009610,#N/A N/A,84.348,BVAL
India Government Bond Coupon Strips,IGBCS,0,18-05-2030,AT MATURITY,IN,INR,DM1009628,#N/A N/A,78.961,BVAL
India Government Bond Coupon Strips,IGBCS,0,18-11-2029,AT MATURITY,IN,INR,DM1009636,#N/A N/A,81.612,BVAL
India Government Bond Coupon Strips,IGBCS,0,18-11-2030,AT MATURITY,IN,INR,DM1009644,#N/A N/A,76.323,BVAL
India Government Bond Coupon Strips,IGBCS,0,18-05-2031,AT MATURITY,IN,INR,DM1009693,#N/A N/A,73.795,BVAL
India Government Bond Coupon Strips,IGBCS,0,18-11-2032,AT MATURITY,IN,INR,DM1009701,#N/A N/A,66.517,BVAL
India Government Bond Coupon Strips,IGBCS,0,18-11-2033,AT MATURITY,IN,INR,DM1009768,#N/A N/A,61.998,BVAL
India Government Bond Coupon Strips,IGBCS,0,18-05-2035,AT MATURITY,IN,INR,DM1009776,#N/A N/A,55.712,BVAL
India Government Bond Coupon Strips,IGBCS,0,18-05-2033,AT MATURITY,IN,INR,DM1009800,#N/A N/A,64.247,BVAL
India Government Bond Coupon Strips,IGBCS,0,18-11-2034,AT MATURITY,IN,INR,DM1009826,#N/A N/A,57.731,BVAL
India Government Bond Coupon Strips,IGBCS,0,18-11-2037,AT MATURITY,IN,INR,DM1009859,#N/A N/A,46.382,BVAL
India Government Bond Coupon Strips,IGBCS,0,18-05-2034,AT MATURITY,IN,INR,DM1009867,#N/A N/A,59.851,BVAL
India Government Bond Coupon Strips,IGBCS,0,18-11-2035,AT MATURITY,IN,INR,DM1009909,#N/A N/A,53.724,BVAL
India Government Bond Coupon Strips,IGBCS,0,18-11-2038,AT MATURITY,IN,INR,DM1009917,#N/A N/A,43.011,BVAL
India Government Bond Coupon Strips,IGBCS,0,18-05-2037,AT MATURITY,IN,INR,DM1010196,#N/A N/A,48.16,BVAL
India Government Bond Coupon Strips,IGBCS,0,18-05-2040,AT MATURITY,IN,INR,DM1010238,#N/A N/A,38.319,BVAL
India Government Bond Coupon Strips,IGBCS,0,18-11-2036,AT MATURITY,IN,INR,DM1010279,#N/A N/A,49.959,BVAL
India Government Bond Coupon Strips,IGBCS,0,18-05-2038,AT MATURITY,IN,INR,DM1010303,#N/A N/A,44.688,BVAL
India Government Bond Coupon Strips,IGBCS,0,18-05-2041,AT MATURITY,IN,INR,DM1010337,#N/A N/A,35.401,BVAL
India Government Bond Coupon Strips,IGBCS,0,18-05-2039,AT MATURITY,IN,INR,DM1010345,#N/A N/A,41.413,BVAL
India Government Bond Coupon Strips,IGBCS,0,18-11-2039,AT MATURITY,IN,INR,DM1010378,#N/A N/A,39.833,BVAL
India Government Bond Coupon Strips,IGBCS,0,18-11-2042,AT MATURITY,IN,INR,DM1010402,#N/A N/A,31.34,BVAL
India Government Bond Coupon Strips,IGBCS,0,18-11-2041,AT MATURITY,IN,INR,DM1010410,#N/A N/A,33.991,BVAL
India Government Bond Coupon Strips,IGBCS,0,18-11-2040,AT MATURITY,IN,INR,DM1010444,#N/A N/A,36.826,BVAL
India Government Bond Coupon Strips,IGBCS,0,18-05-2044,AT MATURITY,IN,INR,DM1010451,#N/A N/A,27.722,BVAL
India Government Bond Coupon Strips,IGBCS,0,18-05-2043,AT MATURITY,IN,INR,DM1010527,#N/A N/A,30.1,BVAL
India Government Bond Coupon Strips,IGBCS,0,18-05-2042,AT MATURITY,IN,INR,DM1010592,#N/A N/A,32.647,BVAL
India Government Bond Coupon Strips,IGBCS,0,18-11-2045,AT MATURITY,IN,INR,DM1010600,#N/A N/A,24.458,BVAL
India Government Bond Coupon Strips,IGBCS,0,18-11-2044,AT MATURITY,IN,INR,DM1010642,#N/A N/A,26.587,BVAL
India Government Bond Coupon Strips,IGBCS,0,18-11-2043,AT MATURITY,IN,INR,DM1010667,#N/A N/A,28.882,BVAL
India Government Bond Coupon Strips,IGBCS,0,18-05-2047,AT MATURITY,IN,INR,DM1010683,#N/A N/A,21.544,BVAL
India Government Bond Coupon Strips,IGBCS,0,18-05-2046,AT MATURITY,IN,INR,DM1010725,#N/A N/A,23.464,BVAL
India Government Bond Coupon Strips,IGBCS,0,18-05-2045,AT MATURITY,IN,INR,DM1010733,#N/A N/A,25.512,BVAL
India Government Bond Coupon Strips,IGBCS,0,18-05-2049,AT MATURITY,IN,INR,DM1010766,#N/A N/A,18.129,BVAL
India Government Bond Coupon Strips,IGBCS,0,18-11-2047,AT MATURITY,IN,INR,DM1010790,#N/A N/A,20.631,BVAL
India Government Bond Coupon Strips,IGBCS,0,18-11-2046,AT MATURITY,IN,INR,DM1010816,#N/A N/A,22.48,BVAL
India Government Bond Coupon Strips,IGBCS,0,18-05-2050,AT MATURITY,IN,INR,DM1010840,#N/A N/A,16.62,BVAL
India Government Bond Coupon Strips,IGBCS,0,18-05-2048,AT MATURITY,IN,INR,DM1010865,#N/A N/A,19.767,BVAL
India Government Bond Coupon Strips,IGBCS,0,18-11-2048,AT MATURITY,IN,INR,DM1010899,#N/A N/A,18.925,BVAL
India Government Bond Coupon Strips,IGBCS,0,18-05-2051,AT MATURITY,IN,INR,DM1010923,#N/A N/A,15.238,BVAL
India Government Bond Coupon Strips,IGBCS,0,18-11-2050,AT MATURITY,IN,INR,DM1010949,#N/A N/A,15.908,BVAL
India Government Bond Coupon Strips,IGBCS,0,18-11-2049,AT MATURITY,IN,INR,DM1010972,#N/A N/A,17.352,BVAL
India Government Bond Coupon Strips,IGBCS,0,18-11-2052,AT MATURITY,IN,INR,DM1010998,#N/A N/A,13.411,BVAL
India Government Bond Coupon Strips,IGBCS,0,18-11-2051,AT MATURITY,IN,INR,DM1011020,#N/A N/A,14.592,BVAL
India Government Bond Coupon Strips,IGBCS,0,18-05-2052,AT MATURITY,IN,INR,DM1011053,#N/A N/A,13.984,BVAL
India Government Bond Coupon Strips,IGBCS,0,18-11-2053,AT MATURITY,IN,INR,DM1011061,#N/A N/A,12.377,BVAL
India Government Bond Coupon Strips,IGBCS,0,18-05-2053,AT MATURITY,IN,INR,DM1011103,#N/A N/A,12.882,BVAL
India Government Bond Coupon Strips,IGBCS,0,18-11-2054,AT MATURITY,IN,INR,DM1011137,#N/A N/A,11.45,BVAL
India Government Bond Coupon Strips,IGBCS,0,18-05-2055,AT MATURITY,IN,INR,DM1011145,#N/A N/A,11.018,BVAL
India Government Bond Coupon Strips,IGBCS,0,18-05-2054,AT MATURITY,IN,INR,DM1011186,#N/A N/A,11.908,BVAL
India Government Bond Coupon Strips,IGBCS,0,18-05-2057,AT MATURITY,IN,INR,DM1011194,#N/A N/A,9.414,BVAL
India Government Bond Coupon Strips,IGBCS,0,18-05-2056,AT MATURITY,IN,INR,DM1011228,#N/A N/A,10.186,BVAL
India Government Bond Coupon Strips,IGBCS,0,18-11-2055,AT MATURITY,IN,INR,DM1011236,#N/A N/A,10.592,BVAL
India Government Bond Coupon Strips,IGBCS,0,18-11-2058,AT MATURITY,IN,INR,DM1011277,#N/A N/A,8.334,BVAL
India Government Bond Coupon Strips,IGBCS,0,18-11-2057,AT MATURITY,IN,INR,DM1011301,#N/A N/A,9.04,BVAL
India Government Bond Coupon Strips,IGBCS,0,18-11-2056,AT MATURITY,IN,INR,DM1011319,#N/A N/A,9.795,BVAL
India Government Bond Coupon Strips,IGBCS,0,18-05-2060,AT MATURITY,IN,INR,DM1011350,#N/A N/A,7.362,BVAL
India Government Bond Coupon Strips,IGBCS,0,18-05-2059,AT MATURITY,IN,INR,DM1011384,#N/A N/A,8,BVAL
India Government Bond Coupon Strips,IGBCS,0,18-05-2058,AT MATURITY,IN,INR,DM1011392,#N/A N/A,8.683,BVAL
India Government Bond Coupon Strips,IGBCS,0,18-11-2061,AT MATURITY,IN,INR,DM1011418,#N/A N/A,6.493,BVAL
India Government Bond Coupon Strips,IGBCS,0,18-11-2060,AT MATURITY,IN,INR,DM1011467,#N/A N/A,7.06,BVAL
India Government Bond Coupon Strips,IGBCS,0,18-11-2059,AT MATURITY,IN,INR,DM1011475,#N/A N/A,7.674,BVAL
India Government Bond Coupon Strips,IGBCS,0,18-05-2063,AT MATURITY,IN,INR,DM1011483,#N/A N/A,5.739,BVAL
India Government Bond Coupon Strips,IGBCS,0,18-05-2061,AT MATURITY,IN,INR,DM1011517,#N/A N/A,6.772,BVAL
India Government Bond Coupon Strips,IGBCS,0,18-05-2062,AT MATURITY,IN,INR,DM1011525,#N/A N/A,6.23,BVAL
India Government Bond Coupon Strips,IGBCS,0,18-11-2063,AT MATURITY,IN,INR,DM1011558,#N/A N/A,5.513,BVAL
India Government Bond Coupon Strips,IGBCS,0,18-11-2062,AT MATURITY,IN,INR,DM1011582,#N/A N/A,5.976,BVAL
India Government Bond Coupon Strips,IGBCS,0,18-05-2064,AT MATURITY,IN,INR,DM1011590,#N/A N/A,5.305,BVAL
India Government Bond Coupon Strips,IGBCS,0,18-05-2066,AT MATURITY,IN,INR,DM1011632,#N/A N/A,4.609,BVAL
India Government Bond Coupon Strips,IGBCS,0,18-05-2065,AT MATURITY,IN,INR,DM1011657,#N/A N/A,4.932,BVAL
India Government Bond Coupon Strips,IGBCS,0,18-11-2064,AT MATURITY,IN,INR,DM1011665,#N/A N/A,5.108,BVAL
India Government Bond Coupon Strips,IGBCS,0,18-11-2065,AT MATURITY,IN,INR,DM1011723,#N/A N/A,4.763,BVAL
India Government Bond Principal Strips,IGBPS,0,18-05-2066,AT MATURITY,IN,INR,DM1023272,#N/A N/A,4.609,BVAL
India Government Bond Coupon Strips,IGBCS,0,19-07-2027,AT MATURITY,IN,INR,DN7358803,#N/A N/A,94.566,BVAL
India Government Bond Coupon Strips,IGBCS,0,19-01-2028,AT MATURITY,IN,INR,DN7358811,#N/A N/A,91.693,BVAL
India Government Bond Coupon Strips,IGBCS,0,19-01-2027,AT MATURITY,IN,INR,DN7358829,#N/A N/A,97.358,BVAL
India Government Bond Coupon Strips,IGBCS,0,19-01-2029,AT MATURITY,IN,INR,DN7358845,#N/A N/A,86.117,BVAL
India Government Bond Coupon Strips,IGBCS,0,19-07-2028,AT MATURITY,IN,INR,DN7358852,#N/A N/A,88.923,BVAL
India Government Bond Coupon Strips,IGBCS,0,19-01-2033,AT MATURITY,IN,INR,DN7358936,#N/A N/A,65.73,BVAL
India Government Bond Coupon Strips,IGBCS,0,19-07-2033,AT MATURITY,IN,INR,DN7358969,#N/A N/A,63.488,BVAL
India Government Bond Coupon Strips,IGBCS,0,19-01-2034,AT MATURITY,IN,INR,DN7358985,#N/A N/A,61.254,BVAL
India Government Bond Coupon Strips,IGBCS,0,19-01-2035,AT MATURITY,IN,INR,DN7359009,#N/A N/A,57.031,BVAL
India Government Bond Coupon Strips,IGBCS,0,19-07-2034,AT MATURITY,IN,INR,DN7359017,#N/A N/A,59.133,BVAL
India Government Bond Coupon Strips,IGBCS,0,19-07-2036,AT MATURITY,IN,INR,DN7359025,#N/A N/A,51.194,BVAL
India Government Bond Coupon Strips,IGBCS,0,19-01-2036,AT MATURITY,IN,INR,DN7359033,#N/A N/A,53.069,BVAL
India Government Bond Coupon Strips,IGBCS,0,19-01-2039,AT MATURITY,IN,INR,DN7359041,#N/A N/A,42.456,BVAL
India Government Bond Coupon Strips,IGBCS,0,19-07-2035,AT MATURITY,IN,INR,DN7359058,#N/A N/A,55.037,BVAL
India Government Bond Coupon Strips,IGBCS,0,19-07-2041,AT MATURITY,IN,INR,DN7359074,#N/A N/A,34.925,BVAL
India Government Bond Coupon Strips,IGBCS,0,19-07-2037,AT MATURITY,IN,INR,DN7359082,#N/A N/A,47.558,BVAL
India Government Bond Coupon Strips,IGBCS,0,19-01-2037,AT MATURITY,IN,INR,DN7359090,#N/A N/A,49.335,BVAL
India Government Bond Coupon Strips,IGBCS,0,19-07-2038,AT MATURITY,IN,INR,DN7359108,#N/A N/A,44.121,BVAL
India Government Bond Coupon Strips,IGBCS,0,19-01-2044,AT MATURITY,IN,INR,DN7359116,#N/A N/A,28.481,BVAL
India Government Bond Coupon Strips,IGBCS,0,19-01-2038,AT MATURITY,IN,INR,DN7359124,#N/A N/A,45.794,BVAL
India Government Bond Coupon Strips,IGBCS,0,19-01-2040,AT MATURITY,IN,INR,DN7359140,#N/A N/A,39.31,BVAL
India Government Bond Coupon Strips,IGBCS,0,19-07-2045,AT MATURITY,IN,INR,DN7359157,#N/A N/A,25.154,BVAL
India Government Bond Coupon Strips,IGBCS,0,19-07-2039,AT MATURITY,IN,INR,DN7359165,#N/A N/A,40.879,BVAL
India Government Bond Coupon Strips,IGBCS,0,19-01-2041,AT MATURITY,IN,INR,DN7359181,#N/A N/A,36.331,BVAL
India Government Bond Coupon Strips,IGBCS,0,19-01-2047,AT MATURITY,IN,INR,DN7359199,#N/A N/A,22.155,BVAL
India Government Bond Coupon Strips,IGBCS,0,19-07-2040,AT MATURITY,IN,INR,DN7359207,#N/A N/A,37.816,BVAL
India Government Bond Coupon Strips,IGBCS,0,19-07-2042,AT MATURITY,IN,INR,DN7359223,#N/A N/A,32.204,BVAL
India Government Bond Coupon Strips,IGBCS,0,19-01-2049,AT MATURITY,IN,INR,DN7359231,#N/A N/A,18.648,BVAL
India Government Bond Coupon Strips,IGBCS,0,19-01-2042,AT MATURITY,IN,INR,DN7359249,#N/A N/A,33.524,BVAL
India Government Bond Coupon Strips,IGBCS,0,19-07-2043,AT MATURITY,IN,INR,DN7359264,#N/A N/A,29.688,BVAL
India Government Bond Coupon Strips,IGBCS,0,19-01-2050,AT MATURITY,IN,INR,DN7359272,#N/A N/A,17.098,BVAL
India Government Bond Coupon Strips,IGBCS,0,19-01-2043,AT MATURITY,IN,INR,DN7359280,#N/A N/A,30.909,BVAL
India Government Bond Coupon Strips,IGBCS,0,19-01-2045,AT MATURITY,IN,INR,DN7359298,#N/A N/A,26.213,BVAL
India Government Bond Coupon Strips,IGBCS,0,19-01-2051,AT MATURITY,IN,INR,DN7359306,#N/A N/A,15.675,BVAL
India Government Bond Coupon Strips,IGBCS,0,19-07-2044,AT MATURITY,IN,INR,DN7359314,#N/A N/A,27.338,BVAL
India Government Bond Coupon Strips,IGBCS,0,19-07-2046,AT MATURITY,IN,INR,DN7359322,#N/A N/A,23.133,BVAL
India Government Bond Coupon Strips,IGBCS,0,19-07-2052,AT MATURITY,IN,INR,DN7359330,#N/A N/A,13.783,BVAL
India Government Bond Coupon Strips,IGBCS,0,19-01-2046,AT MATURITY,IN,INR,DN7359348,#N/A N/A,24.113,BVAL
India Government Bond Coupon Strips,IGBCS,0,19-07-2048,AT MATURITY,IN,INR,DN7359363,#N/A N/A,19.481,BVAL
India Government Bond Coupon Strips,IGBCS,0,19-07-2053,AT MATURITY,IN,INR,DN7359371,#N/A N/A,12.706,BVAL
India Government Bond Coupon Strips,IGBCS,0,19-07-2047,AT MATURITY,IN,INR,DN7359389,#N/A N/A,21.233,BVAL
India Government Bond Coupon Strips,IGBCS,0,19-07-2049,AT MATURITY,IN,INR,DN7359405,#N/A N/A,17.865,BVAL
India Government Bond Coupon Strips,IGBCS,0,19-01-2055,AT MATURITY,IN,INR,DN7359413,#N/A N/A,11.3,BVAL
India Government Bond Coupon Strips,IGBCS,0,19-01-2048,AT MATURITY,IN,INR,DN7359421,#N/A N/A,20.332,BVAL
India Government Bond Coupon Strips,IGBCS,0,19-01-2052,AT MATURITY,IN,INR,DN7359439,#N/A N/A,14.381,BVAL
India Government Bond Coupon Strips,IGBCS,0,19-01-2056,AT MATURITY,IN,INR,DN7359447,#N/A N/A,10.452,BVAL
India Government Bond Coupon Strips,IGBCS,0,19-07-2050,AT MATURITY,IN,INR,DN7359454,#N/A N/A,16.377,BVAL
India Government Bond Coupon Strips,IGBCS,0,19-07-2054,AT MATURITY,IN,INR,DN7359462,#N/A N/A,11.752,BVAL
India Government Bond Coupon Strips,IGBCS,0,19-07-2057,AT MATURITY,IN,INR,DN7359470,#N/A N/A,9.29,BVAL
India Government Bond Coupon Strips,IGBCS,0,19-07-2051,AT MATURITY,IN,INR,DN7359488,#N/A N/A,15.016,BVAL
India Government Bond Coupon Strips,IGBCS,0,19-01-2057,AT MATURITY,IN,INR,DN7359496,#N/A N/A,9.663,BVAL
India Government Bond Coupon Strips,IGBCS,0,19-01-2059,AT MATURITY,IN,INR,DN7359504,#N/A N/A,8.217,BVAL
India Government Bond Coupon Strips,IGBCS,0,19-01-2053,AT MATURITY,IN,INR,DN7359512,#N/A N/A,13.227,BVAL
India Government Bond Coupon Strips,IGBCS,0,19-07-2058,AT MATURITY,IN,INR,DN7359538,#N/A N/A,8.568,BVAL
India Government Bond Coupon Strips,IGBCS,0,19-07-2060,AT MATURITY,IN,INR,DN7359546,#N/A N/A,7.262,BVAL
India Government Bond Coupon Strips,IGBCS,0,19-01-2054,AT MATURITY,IN,INR,DN7359553,#N/A N/A,12.214,BVAL
India Government Bond Coupon Strips,IGBCS,0,19-01-2060,AT MATURITY,IN,INR,DN7359579,#N/A N/A,7.566,BVAL
India Government Bond Coupon Strips,IGBCS,0,19-07-2055,AT MATURITY,IN,INR,DN7359587,#N/A N/A,10.874,BVAL
India Government Bond Coupon Strips,IGBCS,0,19-01-2062,AT MATURITY,IN,INR,DN7359595,#N/A N/A,6.401,BVAL
India Government Bond Coupon Strips,IGBCS,0,19-07-2061,AT MATURITY,IN,INR,DN7359611,#N/A N/A,6.68,BVAL
India Government Bond Coupon Strips,IGBCS,0,19-01-2064,AT MATURITY,IN,INR,DN7359629,#N/A N/A,5.441,BVAL
India Government Bond Coupon Strips,IGBCS,0,19-07-2056,AT MATURITY,IN,INR,DN7359637,#N/A N/A,10.051,BVAL
India Government Bond Coupon Strips,IGBCS,0,19-01-2063,AT MATURITY,IN,INR,DN7359652,#N/A N/A,5.893,BVAL
India Government Bond Coupon Strips,IGBCS,0,19-01-2065,AT MATURITY,IN,INR,DN7359660,#N/A N/A,5.047,BVAL
India Government Bond Coupon Strips,IGBCS,0,19-01-2058,AT MATURITY,IN,INR,DN7359678,#N/A N/A,8.916,BVAL
India Government Bond Coupon Strips,IGBCS,0,19-07-2067,AT MATURITY,IN,INR,DN7359686,#N/A N/A,4.266,BVAL
India Government Bond Coupon Strips,IGBCS,0,19-07-2063,AT MATURITY,IN,INR,DN7359694,#N/A N/A,5.663,BVAL
India Government Bond Coupon Strips,IGBCS,0,19-07-2059,AT MATURITY,IN,INR,DN7359702,#N/A N/A,7.892,BVAL
India Government Bond Coupon Strips,IGBCS,0,19-01-2070,AT MATURITY,IN,INR,DN7359736,#N/A N/A,3.631,BVAL
India Government Bond Coupon Strips,IGBCS,0,19-01-2066,AT MATURITY,IN,INR,DN7359744,#N/A N/A,4.71,BVAL
India Government Bond Coupon Strips,IGBCS,0,19-01-2061,AT MATURITY,IN,INR,DN7359751,#N/A N/A,6.96,BVAL
India Government Bond Coupon Strips,IGBCS,0,19-07-2072,AT MATURITY,IN,INR,DN7359777,#N/A N/A,3.113,BVAL
India Government Bond Coupon Strips,IGBCS,0,19-01-2067,AT MATURITY,IN,INR,DN7359785,#N/A N/A,4.408,BVAL
India Government Bond Coupon Strips,IGBCS,0,19-07-2062,AT MATURITY,IN,INR,DN7359793,#N/A N/A,6.145,BVAL
India Government Bond Coupon Strips,IGBCS,0,19-01-2074,AT MATURITY,IN,INR,DN7359801,#N/A N/A,2.848,BVAL
India Government Bond Coupon Strips,IGBCS,0,19-07-2068,AT MATURITY,IN,INR,DN7359827,#N/A N/A,3.996,BVAL
India Government Bond Coupon Strips,IGBCS,0,19-07-2064,AT MATURITY,IN,INR,DN7359835,#N/A N/A,5.237,BVAL
India Government Bond Coupon Strips,IGBCS,0,19-07-2075,AT MATURITY,IN,INR,DN7359843,#N/A N/A,2.615,BVAL
India Government Bond Coupon Strips,IGBCS,0,19-07-2069,AT MATURITY,IN,INR,DN7359850,#N/A N/A,3.748,BVAL
India Government Bond Coupon Strips,IGBCS,0,19-07-2065,AT MATURITY,IN,INR,DN7359868,#N/A N/A,4.874,BVAL
India Government Bond Principal Strips,IGBPS,0,19-01-2076,AT MATURITY,IN,INR,DN7359884,#N/A N/A,2.543,BVAL
India Government Bond Coupon Strips,IGBCS,0,19-07-2066,AT MATURITY,IN,INR,DN7359892,#N/A N/A,4.557,BVAL
India Government Bond Coupon Strips,IGBCS,0,19-01-2071,AT MATURITY,IN,INR,DN7359900,#N/A N/A,3.411,BVAL
India Government Bond Coupon Strips,IGBCS,0,19-01-2068,AT MATURITY,IN,INR,DN7359926,#N/A N/A,4.128,BVAL
India Government Bond Coupon Strips,IGBCS,0,19-01-2072,AT MATURITY,IN,INR,DN7359934,#N/A N/A,3.208,BVAL
India Government Bond Coupon Strips,IGBCS,0,19-07-2073,AT MATURITY,IN,INR,DN7359942,#N/A N/A,2.934,BVAL
India Government Bond Coupon Strips,IGBCS,0,19-01-2069,AT MATURITY,IN,INR,DN7359959,#N/A N/A,3.869,BVAL
India Government Bond Coupon Strips,IGBCS,0,19-01-2075,AT MATURITY,IN,INR,DN7359967,#N/A N/A,2.689,BVAL
India Government Bond Coupon Strips,IGBCS,0,19-07-2070,AT MATURITY,IN,INR,DN7359975,#N/A N/A,3.519,BVAL
India Government Bond Coupon Strips,IGBCS,0,19-07-2071,AT MATURITY,IN,INR,DN7360007,#N/A N/A,3.308,BVAL
India Government Bond Coupon Strips,IGBCS,0,19-01-2073,AT MATURITY,IN,INR,DN7360023,#N/A N/A,3.021,BVAL
India Government Bond Coupon Strips,IGBCS,0,19-07-2074,AT MATURITY,IN,INR,DN7360031,#N/A N/A,2.768,BVAL
India Government Bond Coupon Strips,IGBCS,0,19-01-2076,AT MATURITY,IN,INR,DN7360049,#N/A N/A,2.543,BVAL
India Government Bond Principal Strips,IGBPS,0,02-07-2040,AT MATURITY,IN,INR,EI3453525,#N/A N/A,37.954,BVAL
India Government Bond Coupon Strips,IGBCS,0,02-07-2028,AT MATURITY,IN,INR,EI4391211,#N/A N/A,89.178,BVAL
India Government Bond Coupon Strips,IGBCS,0,02-01-2029,AT MATURITY,IN,INR,EI4391252,#N/A N/A,86.373,BVAL
India Government Bond Coupon Strips,IGBCS,0,02-07-2029,AT MATURITY,IN,INR,EI4391294,#N/A N/A,83.689,BVAL
India Government Bond Coupon Strips,IGBCS,0,02-01-2030,AT MATURITY,IN,INR,EI4391419,#N/A N/A,80.945,BVAL
